¶mÂí¥«°Ï,¥æ©ö¼Ðªº,¤g¦a°Ï¬q¦ì¸m©Î«Øª«°ÏªùµP,¤g¦a²¾ÂàÁ`­±¿n¥­¤è¤½¤Ø,³£¥«¤g¦a¨Ï¥Î¤À°Ï,«D³£¥«¤g¦a¨Ï¥Î¤À°Ï,«D³£¥«¤g¦a¨Ï¥Î½s©w,¥æ©ö¦~¤ë¤é,¥æ©öµ§´É¼Æ,²¾Âà¼h¦¸,Á`¼Ó¼h¼Æ,«Øª««¬ºA,¥D­n¥Î³~,¥D­n«Ø§÷,«Ø¿v§¹¦¨¦~¤ë,«Øª«²¾ÂàÁ`­±¿n¥­¤è¤½¤Ø,«Øª«²{ªp®æ§½-©Ð,«Øª«²{ªp®æ§½-ÆU,«Øª«²{ªp®æ§½-½Ã,«Øª«²{ªp®æ§½-¹j¶¡,¦³µLºÞ²z²ÕÂ´,Á`»ù¤¸,³æ»ù¨C¥­¤è¤½¤Ø,¨®¦ìÃþ§O,¨®¦ì²¾ÂàÁ`­±¿n¥­¤è¤½¤Ø,¨®¦ìÁ`»ù¤¸,³Æµù,½s¸¹
¤æ¤»¥«,¤g¦a,¤½¥¿¬q481~510¦a¸¹,192.0,¦í,,,1050612,¤g¦a2«Øª«0¨®¦ì0,,,¨ä¥L,,,,0.0,0,0,0,¦³,µL,11035200,57475,,0.0,0,,RPPNMLPJPHLFFAP98CA
ªL¤º¶m,©Ð¦a(¤g¦a+«Øª«),¶³ªL¿¤ªL¤º¶m¤¤¥¿¸ô571~600¸¹,2470.0,¹A,,,1050412,¤g¦a5«Øª«9¨®¦ì0,¤@¼h,¤@¼h,¨ä¥L,¨£¨ä¥Lµn°O¨Æ¶µ,¿j³y,0600601,1221.61,0,0,0,¦³,µL,29350000,24026,,0.0,0,,RPRNMLPJPHLFFAP56CA
¤æ«nÂí,¤g¦a,¥ÛÀt·Ë¬q1291~1320¦a¸¹,2193.0,,¯S©w¹A·~°Ï,¥ÒºØ«Ø¿v¥Î¦a,1050601,¤g¦a1«Øª«0¨®¦ì0,,,¨ä¥L,,,,0.0,0,0,0,¦³,µL,14000000,6384,,0.0,0,,RPPNMLOJPHLFFBP98CA
±[­I¶m,¤g¦a,´ä§À¬q1081~1110¦a¸¹,976.92,,¯S©w¹A·~°Ï,¹Aªª¥Î¦a,1050618,¤g¦a1«Øª«0¨®¦ì0,,,¨ä¥L,,,,0.0,0,0,0,¦³,µL,1680000,1720,,0.0,0,,RPQNMLPJPHLFFCP66CA
±[­I¶m,¤g¦a,¤¤­í¬q811~840¦a¸¹,1699.38,,¯S©w¹A·~°Ï,¹Aªª¥Î¦a,1050606,¤g¦a1«Øª«0¨®¦ì0,,,¨ä¥L,,,,0.0,0,0,0,¦³,µL,2365200,1392,,0.0,0,,RPQNMLTKPHLFFCP17CA
±[­I¶m,¤g¦a,ªF¿³¬q2341~2370¦a¸¹,1779.38,,¯S©w¹A·~°Ï,¹Aªª¥Î¦a,1050606,¤g¦a1«Øª«0¨®¦ì0,,,¨ä¥L,,,,0.0,0,0,0,¦³,µL,1200000,674,,0.0,0,¿Ë¤Í¡B­û¤u©Î¨ä¥L¯S®íÃö«Y¶¡¤§¥æ©ö¡C,RPUNMLQLPHLFFCP37CA
ªê§ÀÂí,©Ð¦a(¤g¦a+«Øª«),¶³ªL¿¤ªê§ÀÂí¤­¶¡­í31~60¸¹,113.95,¦í,,,1050629,¤g¦a3«Øª«1¨®¦ì0,¥þ,¤T¼h,³z¤Ñ­í,¨£¨ä¥Lµn°O¨Æ¶µ,¿ûµ¬²V¾®¤g³y,0931214,173.6,4,2,3,¦³,µL,6000000,34562,,0.0,0,,RPPNMLQJPHLFFDP76CA
ªê§ÀÂí,©Ð¦a(¤g¦a+«Øª«),¶³ªL¿¤ªê§ÀÂí¿³¤¤¨½²M¶³¤G¸ô31~60¸¹,189.66,¦í,,,1050620,¤g¦a3«Øª«1¨®¦ì0,¥þ,¥|¼h,³z¤Ñ­í,¦í®a¥Î,¿ûµ¬²V¾®¤g³y,1040709,255.85,4,2,5,¦³,¦³,14500000,56674,,0.0,0,,RPTNMLQJPHLFFDP17CA
ªê§ÀÂí,©Ð¦a(¤g¦a+«Øª«),¶³ªL¿¤ªê§ÀÂí¿³¤¤¨½²M¶³¤G¸ô31~60¸¹,189.66,¦í,,,1050620,¤g¦a3«Øª«1¨®¦ì0,¥þ,¥|¼h,³z¤Ñ­í,¦í®a¥Î,¿ûµ¬²V¾®¤g³y,1040709,255.85,4,2,5,¦³,¦³,14200000,55501,,0.0,0,,RPVNMLQJPHLFFDP37CA
ªê§ÀÂí,¤g¦a,¤T¦X¬q541~570¦a¸¹,465.0,,¯S©w¹A·~°Ï,¹Aªª¥Î¦a,1050622,¤g¦a1«Øª«0¨®¦ì0,,,¨ä¥L,,,,0.0,0,0,0,¦³,µL,900000,1935,,0.0,0,,RPSNMLRJPHLFFDP17CA
ªê§ÀÂí,©Ð¦a(¤g¦a+«Øª«),¶³ªL¿¤ªê§ÀÂí«C®H1~30¸¹,94.84,¤u,,,1050528,¤g¦a2«Øª«1¨®¦ì0,¥þ,¤T¼h,³z¤Ñ­í,¨£¨ä¥Lµn°O¨Æ¶µ,¿ûµ¬²V¾®¤g³y,1010420,199.82,4,1,4,¦³,µL,7460000,37334,,0.0,0,,RPUNMLRJPHLFFDP37CA
ªê§ÀÂí,©Ð¦a(¤g¦a+«Øª«),¶³ªL¿¤ªê§ÀÂí´_¿³¸ô61~90¸¹,42.99,¦í,,,1050621,¤g¦a1«Øª«1¨®¦ì0,¥þ,¤­¼h,³z¤Ñ­í,¦í®a¥Î,¿ûµ¬²V¾®¤g³y,0860717,130.68,7,3,5,¦³,µL,2500000,19131,,0.0,0,,RPPNMLTJPHLFFDP07CA
ªê§ÀÂí,©Ð¦a(¤g¦a+«Øª«),¶³ªL¿¤ªê§ÀÂí¹´Â×¸ô7«Ñ1~30¸¹,102.87,¹A,,,1050614,¤g¦a1«Øª«1¨®¦ì0,¥þ,¤T¼h,³z¤Ñ­í,¦í®a¥Î,¿ûµ¬²V¾®¤g³y,0830314,208.32,4,3,3,¦³,µL,5250000,25202,,0.0,0,,RPUNMLLKPHLFFDP86CA
ªê§ÀÂí,¤g¦a,©µ¥­¬q1591~1620¦a¸¹,2848.82,,¶m§ø°Ï,¤AºØ«Ø¿v¥Î¦a,1050530,¤g¦a1«Øª«0¨®¦ì0,,,¨ä¥L,,,,0.0,0,0,0,¦³,µL,50415000,17697,,0.0,0,,RPQNMLQLPHLFFDP07CA
¤ôªL¶m,¤g¦a,³£²Î¬q391~420¦a¸¹,2174.07,,¯S©w¹A·~°Ï,¹Aªª¥Î¦a,1050623,¤g¦a2«Øª«0¨®¦ì0,,,¨ä¥L,,,,0.0,0,0,0,¦³,µL,1847960,850,,0.0,0,,RPWNMLOJPHLFFEP37CA
¤ôªL¶m,¤g¦a,³£²Î¬q421~450¦a¸¹,3261.06,,¯S©w¹A·~°Ï,¹Aªª¥Î¦a,1050623,¤g¦a3«Øª«0¨®¦ì0,,,¨ä¥L,,,,0.0,0,0,0,¦³,µL,2777901,852,,0.0,0,,RPXNMLOJPHLFFEP47CA
¤ôªL¶m,¤g¦a,®H§À¬q121~150¦a¸¹,60.11,¦í,,,1050522,¤g¦a2«Øª«0¨®¦ì0,,,¨ä¥L,,,,0.0,0,0,0,¦³,µL,190000,3161,,0.0,0,,RPPNMLQJPHLFFEP86CA
¤f´ò¶m,¤g¦a,®H¼æ¬q1081~1110¦a¸¹,484.6,,¤@¯ë¹A·~°Ï,¹Aªª¥Î¦a,1050608,¤g¦a1«Øª«0¨®¦ì0,,,¨ä¥L,,,,0.0,0,0,0,¦³,µL,950000,1960,,0.0,0,¦x¼q¥X¤J¤f»Ý­n,RPSNMLRJPHLFFEP27CA
¥|´ò¶m,¤g¦a,¤T©m¬q91~120¦a¸¹,1837.0,,¤@¯ë¹A·~°Ï,¹Aªª¥Î¦a,1050613,¤g¦a1«Øª«0¨®¦ì0,,,¨ä¥L,,,,0.0,0,0,0,¦³,µL,700000,381,,0.0,0,¿Ë¤Í¡B­û¤u©Î¨ä¥L¯S®íÃö«Y¶¡¤§¥æ©ö¡C,RPTNMLRJPHLFFEP37CA
¤ôªL¶m,¤g¦a,³£²Î¬q421~450¦a¸¹,2174.01,,¯S©w¹A·~°Ï,¹Aªª¥Î¦a,1050623,¤g¦a2«Øª«0¨®¦ì0,,,¨ä¥L,,,,0.0,0,0,0,¦³,µL,1847909,850,,0.0,0,,RPQNMLOKPHLFFEP86CA
¥_´äÂí,¤g¦a,§ß´Â¬q841~870¦a¸¹,2512.0,,¯S©w¹A·~°Ï,¹Aªª¥Î¦a,1050625,¤g¦a1«Øª«0¨®¦ì0,,,¨ä¥L,,,,0.0,0,0,0,¦³,µL,1530000,609,,0.0,0,,RPVNMLLLPHLFFEP17CA
³Á¼d¶m,¤g¦a,ºÖ¦w¬q391~420¦a¸¹,1297.0,,¤@¯ë¹A·~°Ï,¹Aªª¥Î¦a,1050617,¤g¦a2«Øª«0¨®¦ì0,,,¨ä¥L,,,,0.0,0,0,0,¦³,µL,972750,750,,0.0,0,¤Gµ¥¿Ë¶¡¤§¶R½æ¡C,RPQNMLRJPHLFFFP17CA
ªF¶Õ¶m,¤g¦a,¤¯·R¬q631~660¦a¸¹,463.58,,¯S©w¹A·~°Ï,¹Aªª¥Î¦a,1050621,¤g¦a2«Øª«0¨®¦ì0,,,¨ä¥L,,,,0.0,0,0,0,¦³,µL,180000,388,,0.0,0,"­±¿n¯U¤p,¤£§Q¯ÑºØ.",RPPNMLQJPHLFFFP96CA
¥j§|¶m,¤g¦a,²ü­c¬q511~540¦a¸¹,4418.91,,¤@¯ë¹A·~°Ï,¹Aªª¥Î¦a,1050603,¤g¦a1«Øª«0¨®¦ì0,,,¨ä¥L,,,,0.0,0,0,0,¦³,µL,6660000,1507,,0.0,0,,RPTNMLOJPHLFFAP76DA
Ûl®ä¶m,¤g¦a,¾ð¤l¸}¬q1201~1230¦a¸¹,52.25,,¶m§ø°Ï,¤AºØ«Ø¿v¥Î¦a,1050621,¤g¦a1«Øª«0¨®¦ì0,,,¨ä¥L,,,,0.0,0,0,0,¦³,µL,474000,9072,,0.0,0,,RPSNMLPJPHLFFAP76DA
Ûl®ä¶m,©Ð¦a(¤g¦a+«Øª«),¶³ªL¿¤Ûl®ä¶m®H¤l§ø®H¤l91~120¸¹,103.96,¦í,,,1050621,¤g¦a1«Øª«1¨®¦ì0,¥þ,¤T¼h,³z¤Ñ­í,¦í®a¥Î,¿ûµ¬²V¾®¤g³y,0930720,167.24,3,3,3,¦³,µL,4690000,28044,,0.0,0,,RPTNMLPJPHLFFAP86DA
Ûl®ä¶m,¤g¦a,µf¤l¬q61~90¦a¸¹,354.6,,¶m§ø°Ï,¤AºØ«Ø¿v¥Î¦a,1050603,¤g¦a1«Øª«0¨®¦ì0,,,¨ä¥L,,,,0.0,0,0,0,¦³,µL,2145200,6050,,0.0,0,,RPRNMLSLPHLFFAP17DA
¤æ¤»¥«,¤g¦a,·s·Ë¬w¬q121~150¦a¸¹,3663.86,,¯S©w¹A·~°Ï,¹Aªª¥Î¦a,1050527,¤g¦a2«Øª«0¨®¦ì0,,,¨ä¥L,,,,0.0,0,0,0,¦³,µL,4000000,1092,,0.0,0,,RPPOMLSLPHLFFAP07DA
½Ç©¾¶m,¤g¦a,¦³¤~¬q31~60¦a¸¹,867.48,,¯S©w¹A·~°Ï,¹Aªª¥Î¦a,1050627,¤g¦a1«Øª«0¨®¦ì0,,,¨ä¥L,,,,0.0,0,0,0,¦³,µL,606785,699,,0.0,0,¦V¬F©²¾÷Ãö©ÓÁÊ¤§©è¶O¦a¡C,RPPNMLLLPHLFFDP56DA
¤¸ªø¶m,¤g¦a,ªø«n¬q1321~1350¦a¸¹,506.0,,,,1050620,¤g¦a1«Øª«0¨®¦ì0,,,¨ä¥L,,,,0.0,0,0,0,¦³,µL,419980,830,,0.0,0,,RPUNMLOJPHLFFEP27DA
¤f´ò¶m,¤g¦a,¶¶¼d¬q1171~1200¦a¸¹,1789.0,,¤@¯ë¹A·~°Ï,¹Aªª¥Î¦a,1050527,¤g¦a1«Øª«0¨®¦ì0,,,¨ä¥L,,,,0.0,0,0,0,¦³,µL,1200000,671,,0.0,0,¿Ë¤Í¡B­û¤u©Î¨ä¥L¯S®íÃö«Y¶¡¤§¥æ©ö¡C,RPPNMLLKPHLFFEP56DA
ªê§ÀÂí,¤g¦a,¤jÉÜ¬q211~240¦a¸¹,171.91,¦í,,,1050518,¤g¦a1«Øª«0¨®¦ì0,,,¨ä¥L,,,,0.0,0,0,0,¦³,µL,1820000,10587,,0.0,0,,RPPNMLMJQHLFFDP56DA
³Á¼d¶m,©Ð¦a(¤g¦a+«Øª«),¶³ªL¿¤³Á¼d¶m¬I­í221¤§1«Ñ1~30¸¹,124.97,,¶m§ø°Ï,¤AºØ«Ø¿v¥Î¦a,1050512,¤g¦a2«Øª«1¨®¦ì0,¥þ,¤T¼h,³z¤Ñ­í,¨£¨ä¥Lµn°O¨Æ¶µ,¿ûµ¬²V¾®¤g³y,1041110,214.54,4,2,4,¦³,µL,7000000,32628,,0.0,0,,RPRNMLMKPHLFFFP96DA
¤æ¤»¥«,©Ð¦a(¤g¦a+«Øª«)+¨®¦ì,¶³ªL¿¤¤æ¤»¥«¨|­^¥_µó121~150¸¹,19.51,¦í,,,1050613,¤g¦a1«Øª«1¨®¦ì1,¤T¼h,¤K¼h,µØ·H(10¼h§t¥H¤U¦³¹q±è),¦í®a¥Î,¿ûµ¬²V¾®¤g³y,0830110,111.66,3,2,2,¦³,µL,2600000,23285,¤É­°¾÷±ñ,0.0,0,,RPVNMLMJQHLFFAP96EA
¤æ¤»¥«,©Ð¦a(¤g¦a+«Øª«),¶³ªL¿¤¤æ¤»¥«²`¦`¸ô1~30¸¹,99.0,,¶m§ø°Ï,¤AºØ«Ø¿v¥Î¦a,1050530,¤g¦a1«Øª«1¨®¦ì0,¥þ,¤T¼h,³z¤Ñ­í,¦í®a¥Î,¿ûµ¬²V¾®¤g³y,1041105,177.8,5,1,3,¦³,µL,5300000,29809,,0.0,0,,RPVNMLPJPHLFFAP07DA
ªF¶Õ¶m,¤g¦a,ªF«n¬q361~390¦a¸¹,171.0,¦í,,,1050620,¤g¦a1«Øª«0¨®¦ì0,,,¨ä¥L,,,,0.0,0,0,0,¦³,µL,10300000,60234,,0.0,0,§t¼W«Ø©Î¥¼µn°O«Øª«¡C,RPRNMLQJPHLFFFP17CA
³Á¼d¶m,¤g¦a,¥ú¤j¬q1051~1080¦a¸¹,75.64,¤u,,,1050624,¤g¦a1«Øª«0¨®¦ì0,,,¨ä¥L,,,,0.0,0,0,0,¦³,µL,1123940,14859,,0.0,0,«I¥eÃö«Y¶R½æ,RPSNMLMKPHLFFFP96CA
³Á¼d¶m,¤g¦a,¿³©¾¬q571~600¦a¸¹,416.53,,¶m§ø°Ï,¤AºØ«Ø¿v¥Î¦a,1050520,¤g¦a1«Øª«0¨®¦ì0,,,¨ä¥L,,,,0.0,0,0,0,¦³,µL,2500000,6002,,0.0,0,¶Å°È©èÀv¤§¥æ©ö,RPUNMLKLPHLFFFP07CA
ªê§ÀÂí,©Ð¦a(¤g¦a+«Øª«),¶³ªL¿¤ªê§ÀÂí¥­©M31~60¸¹,298.27,¤u,,,1050621,¤g¦a2«Øª«1¨®¦ì0,¤@¼h¡A¤G¼h,¤G¼h,¤u¼t,¨£¨ä¥Lµn°O¨Æ¶µ,¿ûµ¬²V¾®¤g³y,1040917,248.76,4,2,3,¦³,µL,10500000,,,0.0,0,,RPWNMLQLPHLFFDP67CA
ªê§ÀÂí,¤g¦a,¥­©M­í¬q481~510¦a¸¹,293.52,¦í,,,1050615,¤g¦a1«Øª«0¨®¦ì0,,,¨ä¥L,,,,0.0,0,0,0,¦³,µL,10500000,35773,,0.0,0,,RPQNMLRJPHLFFDP96CA
¦èÁ³Âí,¤g¦a,·sµó¬q451~480¦a¸¹,206.88,¦í,,,1050531,¤g¦a1«Øª«0¨®¦ì0,,,¨ä¥L,,,,0.0,0,0,0,¦³,µL,4910000,23734,,0.0,0,,RPSNMLMKPHLFFCP66CA
¤j°ñ¶m,¤g¦a,Äª¦Ë«Ñ¬q1561~1590¦a¸¹,1290.0,,¯S©w¹A·~°Ï,¹Aªª¥Î¦a,1050603,¤g¦a1«Øª«0¨®¦ì0,,,¨ä¥L,,,,0.0,0,0,0,¦³,µL,2300000,1783,,0.0,0,,RPPNMLPJPHLFFBP09CA
¤j°ñ¶m,¤g¦a,Äª¦Ë«Ñ¬q721~750¦a¸¹,1050.0,,¶m§ø°Ï,¤AºØ«Ø¿v¥Î¦a,1050619,¤g¦a2«Øª«0¨®¦ì0,,,¨ä¥L,,,,0.0,0,0,0,¦³,µL,3600000,3429,,0.0,0,¿Ë¤Í¡B­û¤u©Î¨ä¥L¯S®íÃö«Y¶¡¤§¥æ©ö¡C,RPPNMLOKPHLFFBP09CA
¤æ¤»¥«,©Ð¦a(¤g¦a+«Øª«),¶³ªL¿¤¤æ¤»¥«¹ÅªF¥_¸ô1~30¸¹,155.0,,¶m§ø°Ï,¤AºØ«Ø¿v¥Î¦a,1050512,¤g¦a2«Øª«1¨®¦ì0,¥þ,¤T¼h,³z¤Ñ­í,¦í®a¥Î,¿ûµ¬²V¾®¤g³y,1010827,158.04,4,1,4,¦³,µL,5400000,34169,,0.0,0,¿Ë¤Í¡B­û¤u©Î¨ä¥L¯S®íÃö«Y¶¡¤§¥æ©ö¡C,RPRNMLSKPHLFFAP96CA
¤æ¤»¥«,¤g¦a,¥_Àô¬q31~60¦a¸¹,150.01,¦í,,,1050609,¤g¦a1«Øª«0¨®¦ì0,,,¨ä¥L,,,,0.0,0,0,0,¦³,µL,5380000,35864,,0.0,0,,RPWNMLPJPHLFFAP07CA
¤æ¤»¥«,©Ð¦a(¤g¦a+«Øª«)+¨®¦ì,¶³ªL¿¤¤æ¤»¥«¤¤«n¸ô290«Ñ9§Ë31~60¸¹,74.23,,¯S©w¹A·~°Ï,¥ÒºØ«Ø¿v¥Î¦a,1050617,¤g¦a1«Øª«1¨®¦ì1,¥þ,¤T¼h,³z¤Ñ­í,¦í®a¥Î,¿ûµ¬²V¾®¤g³y,0830825,155.71,4,2,3,¦³,¦³,3880000,24918,¤@¼Ó¥­­±,0.0,0,,RPXNMLLKPHLFFAP86CA
¤æ¤»¥«,¤g¦a,¶³ªL·Ë¬q91~120¦a¸¹,492.82,¦í,,,1050610,¤g¦a2«Øª«0¨®¦ì0,,,¨ä¥L,,,,0.0,0,0,0,¦³,µL,33987960,68966,,0.0,0,,RPRNMLRJPHLFFAP76CA
Ûl®ä¶m,©Ð¦a(¤g¦a+«Øª«),¶³ªL¿¤Ûl®ä¶mÄÇ¥­¦è¸ô23«Ñ1~30¸¹,73.8,,¶m§ø°Ï,¤AºØ«Ø¿v¥Î¦a,1050615,¤g¦a1«Øª«1¨®¦ì0,¥þ,¤G¼h,³z¤Ñ­í,¦í®a¥Î,¥[±j¿j³y,0810920,73.53,3,2,2,¦³,µL,500000,6800,,0.0,0,¿Ë¤Í¡B­û¤u©Î¨ä¥L¯S®íÃö«Y¶¡¤§¥æ©ö¡C,RPUNMLPJPHLFFAP86CA
¤æ¤»¥«,©Ð¦a(¤g¦a+«Øª«),¶³ªL¿¤¤æ¤»¥«¤T¥­¨½¤W®ü¦è¸ô31~60¸¹,39.0,¦í,,,1050601,¤g¦a1«Øª«1¨®¦ì0,¤»¼h,¤C¼h,µØ·H(10¼h§t¥H¤U¦³¹q±è),¦í®a¥Î,¿ûµ¬²V¾®¤g³y,0830907,204.61,4,2,3,¦³,µL,5480000,26783,,0.0,0,,RPXNMLNKPHLFFAP07CA
¤æ¤»¥«,©Ð¦a(¤g¦a+«Øª«),¶³ªL¿¤¤æ¤»¥«©ú¼w¥_¸ô¤T¬q391~420¸¹,112.9,¤u,,,1050610,¤g¦a1«Øª«1¨®¦ì0,¥þ,¤T¼h,³z¤Ñ­í,¨£¨ä¥Lµn°O¨Æ¶µ,¿ûµ¬²V¾®¤g³y,1031110,202.67,3,2,3,¦³,µL,7500000,37006,,0.0,0,,RPPNMLLKPHLFFAP68CA
¤æ¤»¥«,©Ð¦a(¤g¦a+«Øª«),¶³ªL¿¤¤æ¤»¥«¤½¥¿µó31~60¸¹,5.71,°Ó,,,1050626,¤g¦a1«Øª«1¨®¦ì0,¤»¼h,¤Q¼h,®M©Ð(1©Ð1ÆU1½Ã),¦í®a¥Î,¿ûµ¬²V¾®¤g³y,0871030,49.480000000000004,1,1,1,¦³,¦³,1040000,21019,,0.0,0,,RPVNMLRLPHLFFAP37CA
¤æ¤»¥«,©Ð¦a(¤g¦a+«Øª«),¶³ªL¿¤¤æ¤»¥«Âí¥_¸ô75«Ñ1~30¸¹,77.0,¦í,,,1050608,¤g¦a1«Øª«1¨®¦ì0,¥þ,¥|¼h,³z¤Ñ­í,¦í®a¥Î,¿ûµ¬²V¾®¤g³y,0821215,191.29,4,2,3,¦³,µL,5000000,26138,,0.0,0,,RPOOMLTLPHLFFAP96CA
¤æ¤»¥«,¤g¦a,¤æ¤»¬q661~690¦a¸¹,89.0,°Ó,,,1050601,¤g¦a1«Øª«0¨®¦ì0,,,¨ä¥L,,,,0.0,0,0,0,¦³,µL,7070000,79438,,0.0,0,,RPPOMLMJQHLFFAP88CA
¤æ¤»¥«,«Øª«,¶³ªL¿¤¤æ¤»¥«¤¤¤s¸ô61~90¸¹,0.0,,,,1050601,¤g¦a0«Øª«1¨®¦ì0,¥þ,¤T¼h,³z¤Ñ­í,¨£¨ä¥Lµn°O¨Æ¶µ,¿ûµ¬²V¾®¤g³y,1040415,185.3,4,3,3,¦³,µL,3650000,19698,,0.0,0,,RPQOMLMJQHLFFAP98CA
¤æ«nÂí,¤g¦a,¥_»Ê¬q631~660¦a¸¹,359.17,¤u,,,1050523,¤g¦a1«Øª«0¨®¦ì0,,,¨ä¥L,,,,0.0,0,0,0,¦³,µL,10208334,28422,,0.0,0,,RPQNMLMKPHLFFBP98CA
¤j°ñ¶m,¤g¦a,Â×¥Ð¬q31~60¦a¸¹,1028.0,,¯S©w¹A·~°Ï,¤BºØ«Ø¿v¥Î¦a,1050509,¤g¦a2«Øª«0¨®¦ì0,,,¨ä¥L,,,,0.0,0,0,0,¦³,µL,10880000,10584,,0.0,0,,RPSNMLMKPHLFFBP56CA
±[­I¶m,¤g¦a,¥Ã¦w¬q301~330¦a¸¹,432.5,,¶m§ø°Ï,¤AºØ«Ø¿v¥Î¦a,1050621,¤g¦a1«Øª«0¨®¦ì0,,,¨ä¥L,,,,0.0,0,0,0,¦³,µL,650000,1503,,0.0,0,§t¼W«Ø©Î¥¼µn°O«Øª«¡C,RPTNMLRJPHLFFCP17CA
¦èÁ³Âí,©Ð¦a(¤g¦a+«Øª«),¶³ªL¿¤¦èÁ³Âí¥ú©úªF¸ô31~60¸¹,103.08,¦í,,,1050623,¤g¦a1«Øª«1¨®¦ì0,¥þ,¤T¼h,³z¤Ñ­í,¦í®a¥Î,¿ûµ¬²V¾®¤g³y,0950628,189.34,4,3,4,¦³,µL,7600000,40139,,0.0,0,,RPUNMLRJPHLFFCP27CA
ªê§ÀÂí,©Ð¦a(¤g¦a+«Øª«),¶³ªL¿¤ªê§ÀÂí«Ø°ê¤@§ø241~270¸¹,100.14,,¯S©w¹A·~°Ï,¥ÒºØ«Ø¿v¥Î¦a,1050624,¤g¦a1«Øª«1¨®¦ì0,¥þ,¤G¼h,³z¤Ñ­í,¦í®a¥Î,¥[±j¿j³y,0700609,123.04,4,2,1,¦³,µL,2650000,21538,,0.0,0,,RPTNMLRJPHLFFDP27CA
ªê§ÀÂí,©Ð¦a(¤g¦a+«Øª«),¶³ªL¿¤ªê§ÀÂí¥ú´_¸ô315«Ñ1~30¸¹,74.58,¦í,,,1050619,¤g¦a4«Øª«1¨®¦ì0,¥þ,¤G¼h,³z¤Ñ­í,¦í®a¥Î,¥[±j¿j³y,0620731,74.1,3,2,2,¦³,µL,2860000,38596,,0.0,0,,RPSNMLQJPHLFFDP07CA
ªê§ÀÂí,¤g¦a,¦w¼y¬q271~300¦a¸¹,1718.0,,¯S©w¹A·~°Ï,¹Aªª¥Î¦a,1050613,¤g¦a2«Øª«0¨®¦ì0,,,¨ä¥L,,,,0.0,0,0,0,¦³,µL,13000000,7567,,0.0,0,,RPRNMLLKPHLFFDP56CA
ªê§ÀÂí,©Ð¦a(¤g¦a+«Øª«),¶³ªL¿¤ªê§ÀÂí¥ß¼w¸ô1~30¸¹,71.75,°Ó,,,1050616,¤g¦a1«Øª«1¨®¦ì0,¥þ,¥|¼h,³z¤Ñ­í,¦í°Ó¥Î,¿ûµ¬²V¾®¤g³y,0951206,216.44,6,1,6,¦³,µL,12000000,55443,,0.0,0,,RPTNMLLKPHLFFDP76CA
ªê§ÀÂí,©Ð¦a(¤g¦a+«Øª«),¶³ªL¿¤ªê§ÀÂí¥_¥­¸ô127«Ñ1~30¸¹,75.91,¦í,,,1050615,¤g¦a1«Øª«1¨®¦ì0,¥þ,¤G¼h,³z¤Ñ­í,¦í®a¥Î,¥[±j¿j³y,0660717,87.6,3,1,2,¦³,µL,3800000,43379,,0.0,0,,RPWNMLOKPHLFFDP37CA
³Á¼d¶m,¤g¦a,«á¦w¬q361~390¦a¸¹,7431.36,,¤@¯ë¹A·~°Ï,¾i´Þ¥Î¦a,1050309,¤g¦a3«Øª«0¨®¦ì0,,,¨ä¥L,,,,0.0,0,0,0,¦³,µL,7431360,1000,,0.0,0,,RPRNMLTKPHLFFFP57CA
³Á¼d¶m,¤g¦a,·s¤¤¬q1111~1140¦a¸¹,155.7,¹A,,,1050613,¤g¦a2«Øª«0¨®¦ì0,,,¨ä¥L,,,,0.0,0,0,0,¦³,µL,2107570,13536,,0.0,0,,RPTNMLTKPHLFFFP77CA
³Á¼d¶m,¤g¦a,·s¤¤¬q1111~1140¦a¸¹,27.47,¹A,,,1050613,¤g¦a1«Øª«0¨®¦ì0,,,¨ä¥L,,,,0.0,0,0,0,¦³,µL,60430,2200,,0.0,0,,SPTNMLTKPHLFFFP87CA
¥|´ò¶m,¤g¦a,«n¥ú¬q991~1020¦a¸¹,567.72,,¤@¯ë¹A·~°Ï,¹Aªª¥Î¦a,1050616,¤g¦a1«Øª«0¨®¦ì0,,,¨ä¥L,,,,0.0,0,0,0,¦³,µL,500000,881,,0.0,0,,RPPOMLLLPHLFFEP66CA
¤¸ªø¶m,©Ð¦a(¤g¦a+«Øª«),¶³ªL¿¤¥_´äÂí«n¤s¸ô61~90¸¹,302.0,,¶m§ø°Ï,¤AºØ«Ø¿v¥Î¦a,1050519,¤g¦a3«Øª«2¨®¦ì0,¥þ,¤T¼h,³z¤Ñ­í,¦í®a¥Î,¿ûµ¬²V¾®¤g³y,0831114,384.14,7,4,5,¦³,µL,1741064,4532,,0.0,0,¿Ë¤Í¡B­û¤u©Î¨ä¥L¯S®íÃö«Y¶¡¤§¥æ©ö¡C¨ü¶ÅÅv¶Å°È¼vÅT©Î¶Å°È©èÀv¤§¥æ©ö¡C,RPPNMLNKPHLFFEP66CA
¥_´äÂí,©Ð¦a(¤g¦a+«Øª«),¶³ªL¿¤¥_´äÂíµØ³Ó¸ô661~690¸¹,2750.04,,¯S©w¹A·~°Ï,¹Aªª¥Î¦a,1050515,¤g¦a1«Øª«2¨®¦ì0,¤@¼h¡A¤G¼h¡AÃM¼Ó,¤G¼h,¹AªÙ,¨£¨ä¥Lµn°O¨Æ¶µ,¥[±j¿j³y,0840908,419.58,5,2,4,¦³,µL,19200000,,,0.0,0,,RPQNMLRJPHLFFEP07CA
¥_´äÂí,©Ð¦a(¤g¦a+«Øª«),¶³ªL¿¤¥_´äÂí©v¸t¸ô61~90¸¹,74.0,¦í,,,1050604,¤g¦a1«Øª«1¨®¦ì0,¥þ,¤G¼h,³z¤Ñ­í,¦í®a¥Î,¥[±j¿j³y,0620228,90.32,3,2,2,¦³,µL,1900000,21036,,0.0,0,,RPRNMLPJPHLFFEP96CA
¤j°ñ¶m,©Ð¦a(¤g¦a+«Øª«),¶³ªL¿¤¤j°ñ¶m¹Å¿³¸ô61~90¸¹,131.0,,¶m§ø°Ï,¤AºØ«Ø¿v¥Î¦a,1050526,¤g¦a1«Øª«1¨®¦ì0,¥þ,¤G¼h,³z¤Ñ­í,¦í®a¥Î,¥[±j¿j³y,0700202,139.68,4,2,1,¦³,µL,735200,5263,,0.0,0,¿Ë¤Í¡B­û¤u©Î¨ä¥L¯S®íÃö«Y¶¡¤§¥æ©ö¡C,RPPNMLRJPHLFFBP86EA
Ûl®ä¶m,¤g¦a,¤j®H§À¬q1381~1410¦a¸¹,1024.0,,¯S©w¹A·~°Ï,¹Aªª¥Î¦a,1050604,¤g¦a1«Øª«0¨®¦ì0,,,¨ä¥L,,,,0.0,0,0,0,¦³,µL,2200000,2148,,0.0,0,1.»ùª÷¦³»~­«·s¥Ó³ø2.¿ËÄÝ¶¡¥æ©ö,RPPNMLTKPHLFFAP07EA
¤G±[¶m,¤g¦a,¥Ã©w­í¬q1411~1440¦a¸¹,2067.0,,¯S©w¹A·~°Ï,¹Aªª¥Î¦a,1050622,¤g¦a1«Øª«0¨®¦ì0,,,¨ä¥L,,,,0.0,0,0,0,¦³,µL,2300000,1113,,0.0,0,,RPQNMLRJPHLFFCP07EA
¤ôªL¶m,¤g¦a,«n¿³¬q301~330¦a¸¹,1668.63,,¯S©w¹A·~°Ï,¹Aªª¥Î¦a,1050628,¤g¦a1«Øª«0¨®¦ì0,,,¨ä¥L,,,,0.0,0,0,0,¦³,µL,985000,590,,0.0,0,,RPPNMLLLPHLFFEP66DA
¥x¦è¶m,©Ð¦a(¤g¦a+«Øª«),¶³ªL¿¤»O¦è¶m¥Á±Ú¸ô31~60¸¹,63.0,¦í,,,1050624,¤g¦a1«Øª«1¨®¦ì0,¥þ,¤G¼h,³z¤Ñ­í,¦í®a¥Î,¿ûµ¬²V¾®¤g³y,0790130,105.31,3,1,2,¦³,µL,1200000,11395,,0.0,0,,RPPNMLPJPHLFFFP96DA
³Á¼d¶m,©Ð¦a(¤g¦a+«Øª«),¶³ªL¿¤³Á¼d¶m¬I­í221¤§1«Ñ1~30¸¹,141.39,,¶m§ø°Ï,¤AºØ«Ø¿v¥Î¦a,1041111,¤g¦a2«Øª«1¨®¦ì0,¥þ,¤T¼h,³z¤Ñ­í,¨£¨ä¥Lµn°O¨Æ¶µ,¿ûµ¬²V¾®¤g³y,1041110,203.4,4,2,4,¦³,µL,7000000,34415,,0.0,0,,RPPNMLLKPHLFFFP66DA
³Á¼d¶m,©Ð¦a(¤g¦a+«Øª«),¶³ªL¿¤³Á¼d¶m¬I­í221¤§1«Ñ91~120¸¹,114.84,,¶m§ø°Ï,¤AºØ«Ø¿v¥Î¦a,1040616,¤g¦a2«Øª«1¨®¦ì0,¥þ,¤T¼h,³z¤Ñ­í,¨£¨ä¥Lµn°O¨Æ¶µ,¿ûµ¬²V¾®¤g³y,1041110,196.52,4,2,4,¦³,µL,6600000,33584,,0.0,0,,RPRNMLLKPHLFFFP86DA
ªê§ÀÂí,¤g¦a,·G¨Ï¬q1981~2010¦a¸¹,1246.0,,¯S©w¹A·~°Ï,¹Aªª¥Î¦a,1050419,¤g¦a2«Øª«0¨®¦ì0,,,¨ä¥L,,,,0.0,0,0,0,¦³,µL,2616600,2100,,0.0,0,¿Ë¤Í¡B­û¤u©Î¨ä¥L¯S®íÃö«Y¶¡¤§¥æ©ö¡C,RPPNMLPJQHLFFDP86DA
ªê§ÀÂí,¤g¦a,·s¤Ù¬q331~360¦a¸¹,2938.05,,¯S©w¹A·~°Ï,¹Aªª¥Î¦a,1050515,¤g¦a1«Øª«0¨®¦ì0,,,¨ä¥L,,,,0.0,0,0,0,¦³,µL,3320000,1130,,0.0,0,,RPPNMLSKPHLFFDP17DA
¥|´ò¶m,¤g¦a,¬v¥_¬q601~630¦a¸¹,2303.19,,¤@¯ë¹A·~°Ï,¹Aªª¥Î¦a,1050627,¤g¦a1«Øª«0¨®¦ì0,,,¨ä¥L,,,,0.0,0,0,0,¦³,µL,1497074,650,,0.0,0,¿Ë¤Í¡B­û¤u©Î¨ä¥L¯S®íÃö«Y¶¡¤§¥æ©ö¡C,RPRNMLQJPHLFFEP17DA
¤f´ò¶m,¤g¦a,˜f±ï¬q241~270¦a¸¹,141.02,,¤@¯ë¹A·~°Ï,¹Aªª¥Î¦a,1050621,¤g¦a1«Øª«0¨®¦ì0,,,¨ä¥L,,,,0.0,0,0,0,¦³,µL,400000,2836,,0.0,0,,RPUNMLQJPHLFFEP47DA
¤ôªL¶m,¤g¦a,ªQªF¬q151~180¦a¸¹,258.88,,¯S©w¹A·~°Ï,¹Aªª¥Î¦a,1050628,¤g¦a1«Øª«0¨®¦ì0,,,¨ä¥L,,,,0.0,0,0,0,¦³,µL,210000,811,,0.0,0,,RPWNMLRJPHLFFEP77DA
¤ôªL¶m,¤g¦a,¤¤¿³¬q721~750¦a¸¹,1000.02,,¯S©w¹A·~°Ï,¹Aªª¥Î¦a,1050628,¤g¦a1«Øª«0¨®¦ì0,,,¨ä¥L,,,,0.0,0,0,0,¦³,µL,632000,632,,0.0,0,,RPPNMLSKPHLFFEP27DA
¤ôªL¶m,¤g¦a,¿»Á¦¬q541~570¦a¸¹,2350.0,,¯S©w¹A·~°Ï,¹Aªª¥Î¦a,1050615,¤g¦a1«Øª«0¨®¦ì0,,,¨ä¥L,,,,0.0,0,0,0,¦³,µL,1433500,610,,0.0,0,¿Ë¤Í¡B­û¤u©Î¨ä¥L¯S®íÃö«Y¶¡¤§¥æ©ö¡C,RPUNMLKLPHLFFEP07DA
¦èÁ³Âí,¤g¦a,¦èÁ³¬q781~810¦a¸¹,384.0,¦í,,,1050627,¤g¦a1«Øª«0¨®¦ì0,,,¨ä¥L,,,,0.0,0,0,0,¦³,µL,13100000,34115,,0.0,0,,RPQNMLMKPHLFFCP56DA
¤G±[¶m,¤g¦a,¥Ã©w­í¬q181~210¦a¸¹,280.0,,¯S©w¹A·~°Ï,¥ÒºØ«Ø¿v¥Î¦a,1050606,¤g¦a1«Øª«0¨®¦ì0,,,¨ä¥L,,,,0.0,0,0,0,¦³,µL,580000,2071,,0.0,0,,RPQNMLPKPHLFFCP96EA
¥_´äÂí,©Ð¦a(¤g¦a+«Øª«),¶³ªL¿¤¥_´äÂí¤å¤¯¸ô121~150¸¹,8.29,¦í,,,1050630,¤g¦a1«Øª«3¨®¦ì0,¤E¼h,¤Q¼h,µØ·H(10¼h§t¥H¤U¦³¹q±è),¦í®a¥Î,¿ûµ¬²V¾®¤g³y,0860103,57.33,1,1,1,¦³,µL,500000,8721,,0.0,0,,RPRNMLRJPHLFFEP17CA
¤æ¤»¥«,¤g¦a,¤j¼æ¬q¤j¼æ¤p¬q841~870¦a¸¹,2600.0,,¯S©w¹A·~°Ï,¹Aªª¥Î¦a,1050524,¤g¦a1«Øª«0¨®¦ì0,,,¨ä¥L,,,,0.0,0,0,0,¦³,µL,8360000,3215,,0.0,0,,RPRNMLMJQHLFFAP09DA
¤æ¤»¥«,¤g¦a,·¾¤lÔÅ¬q¥Ë­í¤l¤p¬q61~90¦a¸¹,1475.0,,¯S©w¹A·~°Ï,¹Aªª¥Î¦a,1050627,¤g¦a1«Øª«0¨®¦ì0,,,¨ä¥L,,,,0.0,0,0,0,¦³,µL,1950000,1322,,0.0,0,,RPQOMLPJQHLFFAP76DA
¥_´äÂí,¤g¦a,¾ð¤l¸}¬q451~480¦a¸¹,53.0,¹A,,,1050604,¤g¦a2«Øª«0¨®¦ì0,,,¨ä¥L,,,,0.0,0,0,0,¦³,µL,1032440,19480,,0.0,0,,RPQNMLKLPHLFFEP56CA
¤G±[¶m,¤g¦a,´ä«á¬q1231~1260¦a¸¹,395.6,,¯S©w¹A·~°Ï,¹Aªª¥Î¦a,1050622,¤g¦a1«Øª«0¨®¦ì0,,,¨ä¥L,,,,0.0,0,0,0,¦³,µL,720000,1820,,0.0,0,,RPPNMLRJPHLFFCP76CA
¤j°ñ¶m,¤g¦a,­XÐ¤¸}¬q1921~1950¦a¸¹,666.8,,¯S©w¹A·~°Ï,¹Aªª¥Î¦a,1050525,¤g¦a1«Øª«0¨®¦ì0,,,¨ä¥L,,,,0.0,0,0,0,¦³,µL,933520,1400,,0.0,0,¿Ë¤Í¡B­û¤u©Î¨ä¥L¯S®íÃö«Y¶¡¤§¥æ©ö¡C,RPUNMLMKPHLFFBP76CA
¤æ«nÂí,©Ð¦a(¤g¦a+«Øª«),¶³ªL¿¤¤æ«nÂí¥úµØ¸ô61~90¸¹,90.7,¦í,,,1050610,¤g¦a2«Øª«1¨®¦ì0,¥þ,¤T¼h,³z¤Ñ­í,¦í°Ó¥Î,¥[±j¿j³y,0690709,178.97,4,2,3,¦³,µL,4880000,27267,,0.0,0,,RPTNMLTLPHLFFBP47CA
¤æ¤»¥«,©Ð¦a(¤g¦a+«Øª«),¶³ªL¿¤¤æ¤»¥«¬ì??¤@¸ô331~360¸¹,190.68,,¤u·~°Ï,¤BºØ«Ø¿v¥Î¦a,1050520,¤g¦a4«Øª«2¨®¦ì0,¥þ,¥|¼h,³z¤Ñ­í,¦í®a¥Î,¿ûµ¬²V¾®¤g³y,1021212,275.47,4,2,4,¦³,¦³,10100000,36665,,0.0,0,,RPXOMLPKQHLFFAP47CA
¤æ¤»¥«,©Ð¦a(¤g¦a+«Øª«),¶³ªL¿¤¤æ¤»¥«¦¨¥\¸ô435«Ñ121~150¸¹,21.83,¦í,,,1050529,¤g¦a1«Øª«1¨®¦ì0,¤T¼h,¤»¼h,µØ·H(10¼h§t¥H¤U¦³¹q±è),¦í®a¥Î,¿ûµ¬²V¾®¤g³y,0811016,128.10000000000002,3,2,2,¦³,¦³,2300000,17955,,0.0,0,,RPVNMLQJPHLFFAP07CA
¤æ¤»¥«,©Ð¦a(¤g¦a+«Øª«)+¨®¦ì,¶³ªL¿¤¤æ¤»¥«¦¿­í¸ô100«Ñ5§Ë1~30¸¹,49.12,,¶m§ø°Ï,¤AºØ«Ø¿v¥Î¦a,1050614,¤g¦a1«Øª«1¨®¦ì1,¤G¼h¡A¤T¼h,¤­¼h,¤½´J(5¼Ó§t¥H¤UµL¹q±è),¦í®a¥Î,¿ûµ¬²V¾®¤g³y,0880926,138.54,4,2,2,¦³,¦³,2700000,19489,¤@¼Ó¥­­±,0.0,0,,RPUNMLRJPHLFFAP07CA
¥j§|¶m,¤g¦a,¥Ð¤ß¬q811~840¦a¸¹,998.83,,¶m§ø°Ï,¤AºØ«Ø¿v¥Î¦a,1050614,¤g¦a1«Øª«0¨®¦ì0,,,¨ä¥L,,,,0.0,0,0,0,¦³,µL,13596300,13612,,0.0,0,,RPQOMLLKPHLFFAP88CA
¤æ¤»¥«,©Ð¦a(¤g¦a+«Øª«),¶³ªL¿¤¤æ1~30¸¹,141.09,,¶m§ø°Ï,¤AºØ«Ø¿v¥Î¦a,1050617,¤g¦a1«Øª«1¨®¦ì0,¥þ,¤T¼h,³z¤Ñ­í,¨£¨ä¥Lµn°O¨Æ¶µ,¿ûµ¬²V¾®¤g³y,1050315,186.38,5,2,5,¦³,µL,6800000,36485,,0.0,0,,RPQOMLNKPHLFFAP09CA
¤æ¤»¥«,©Ð¦a(¤g¦a+«Øª«),¶³ªL¿¤¤æ¤»¥«¤½¥¿µó31~60¸¹,6.21,°Ó,,,1050627,¤g¦a1«Øª«1¨®¦ì0,¤K¼h,¤Q¼h,®M©Ð(1©Ð1ÆU1½Ã),¦í®a¥Î,¿ûµ¬²V¾®¤g³y,0871030,53.400000000000006,1,0,1,¦³,¦³,1200000,22472,,0.0,0,,RPSNMLTKPHLFFAP17CA
Ûl®ä¶m,©Ð¦a(¤g¦a+«Øª«),¶³ªL¿¤Ûl®ä¶m·Ë¬ü1~30¸¹,130.94,,¯S©w¹A·~°Ï,¥ÒºØ«Ø¿v¥Î¦a,1050603,¤g¦a3«Øª«1¨®¦ì0,¥þ,¤T¼h,³z¤Ñ­í,¦í®a¥Î,¿ûµ¬²V¾®¤g³y,1041115,185.77,4,2,3,¦³,µL,5700000,30683,,0.0,0,,RPSNMLLLPHLFFAP09CA
Ûl®ä¶m,©Ð¦a(¤g¦a+«Øª«),¶³ªL¿¤Ûl®ä¶m·Ë¬ü1~30¸¹,132.94,,¯S©w¹A·~°Ï,¥ÒºØ«Ø¿v¥Î¦a,1050603,¤g¦a3«Øª«1¨®¦ì0,¥þ,¤T¼h,³z¤Ñ­í,¦í®a¥Î,¿ûµ¬²V¾®¤g³y,1041115,185.77,4,2,3,¦³,µL,5750000,30952,,0.0,0,,RPTNMLLLPHLFFAP56CA
Ûl®ä¶m,©Ð¦a(¤g¦a+«Øª«),¶³ªL¿¤Ûl®ä¶m·Ë¬ü1~30¸¹,158.94,,¯S©w¹A·~°Ï,¥ÒºØ«Ø¿v¥Î¦a,1050603,¤g¦a2«Øª«1¨®¦ì0,¥þ,¤T¼h,³z¤Ñ­í,¦í®a¥Î,¿ûµ¬²V¾®¤g³y,1041115,211.14,4,2,4,¦³,µL,6300000,29838,,0.0,0,,RPUNMLLLPHLFFAP66CA
Ûl®ä¶m,©Ð¦a(¤g¦a+«Øª«),¶³ªL¿¤Ûl®ä¶m·Ë¬ü1~30¸¹,121.94,,¯S©w¹A·~°Ï,¥ÒºØ«Ø¿v¥Î¦a,1050603,¤g¦a2«Øª«1¨®¦ì0,¥þ,¤T¼h,³z¤Ñ­í,¦í®a¥Î,¿ûµ¬²V¾®¤g³y,1041115,185.77,4,2,3,¦³,µL,5600000,30145,,0.0,0,,RPVNMLLLPHLFFAP76CA
¤æ¤»¥«,©Ð¦a(¤g¦a+«Øª«),¶³ªL¿¤¤æ¤»¥«¹Å¦w¤Cµó1~30¸¹,110.91,¦í,,,1050608,¤g¦a1«Øª«1¨®¦ì0,¥þ,¤T¼h,³z¤Ñ­í,¦í®a¥Î,¿ûµ¬²V¾®¤g³y,0961112,218.67,9,0,9,¦³,µL,5780000,26433,,0.0,0,,RPTNMLNKPHLFFAP66CA
¤æ¤»¥«,©Ð¦a(¤g¦a+«Øª«),¶³ªL¿¤¤æ¤»¥«¤[¦w¤¤¸ô1~30¸¹,128.0,,¶m§ø°Ï,¤AºØ«Ø¿v¥Î¦a,1050510,¤g¦a4«Øª«1¨®¦ì0,¥þ,¤T¼h,³z¤Ñ­í,¨£¨ä¥Lµn°O¨Æ¶µ,¿ûµ¬²V¾®¤g³y,0950911,179.73,4,3,4,¦³,¦³,5300000,29489,,0.0,0,,RPSOMLLKPHLFFAP09CA
ªL¤º¶m,©Ð¦a(¤g¦a+«Øª«),¶³ªL¿¤ªL¤º¶mªL¤º¸ô¤G¬q54«Ñ1~30¸¹,106.0,¦í,,,1050620,¤g¦a2«Øª«1¨®¦ì0,¥þ,¥|¼h,³z¤Ñ­í,¦í®a¥Î,¿ûµ¬²V¾®¤g³y,0841225,183.49,4,2,3,¦³,µL,2000000,10900,,0.0,0,,RPROMLMKPHLFFAP09CA
¤æ«nÂí,¤g¦a,¤j¦P¬q781~810¦a¸¹,3.31,¦í,,,1050622,¤g¦a1«Øª«0¨®¦ì0,,,¨ä¥L,,,,0.0,0,0,0,¦³,µL,30000,9063,,0.0,0,¼W­Èµ|¥Ñ©Ó¶R¤H­t¾á,RPSNMLLKPHLFFBP09CA
¤æ¤»¥«,©Ð¦a(¤g¦a+«Øª«),¶³ªL¿¤¤æ¤»¥«©ú¼w¥_¸ô¤T¬q1~30¸¹,4.12,¦í,,,1050623,¤g¦a1«Øª«1¨®¦ì0,¤C¼h,¤Q¤»¼h,¦í¦v¤j¼Ó(11¼h§t¥H¤W¦³¹q±è),¦í®a¥Î,¿ûµ¬²V¾®¤g³y,0860515,41.65,1,1,1,¦³,µL,1200000,28812,,0.0,0,,RPUOMLOJQHLFFAP96CA
¤G±[¶m,¤g¦a,±[ªF¬q1051~1080¦a¸¹,215.43,¦í,,,1050621,¤g¦a3«Øª«0¨®¦ì0,,,¨ä¥L,,,,0.0,0,0,0,¦³,µL,2500000,11605,,0.0,0,,RPPNMLLKPHLFFCP88CA
ªê§ÀÂí,¤g¦a,¥_·Ë­í¬q61~90¦a¸¹,1560.83,,¯S©w¹A·~°Ï,¹Aªª¥Î¦a,1050628,¤g¦a1«Øª«0¨®¦ì0,,,¨ä¥L,,,,0.0,0,0,0,¦³,µL,1873000,1200,,0.0,0,¿Ë¤Í¯S®íÃö«Y¶¡¤§¥æ©ö¡C,RPPNMLLKPHLFFDP98CA
ªê§ÀÂí,©Ð¦a(¤g¦a+«Øª«),¶³ªL¿¤ªê§ÀÂí²M¶³¤G¸ô31~60¸¹,134.24,¦í,,,1050618,¤g¦a4«Øª«1¨®¦ì0,¥þ,¥|¼h,³z¤Ñ­í,¦í®a¥Î,¿ûµ¬²V¾®¤g³y,1040716,233.69,5,2,4,¦³,µL,10680000,45702,,0.0,0,,RPOOMLLKPHLFFDP98CA
ªê§ÀÂí,¤g¦a,¤û®H¤l¬q1231~1260¦a¸¹,1814.48,,¯S©w¹A·~°Ï,¹Aªª¥Î¦a,1050704,¤g¦a1«Øª«0¨®¦ì0,,,¨ä¥L,,,,0.0,0,0,0,¦³,µL,2830588,1560,,0.0,0,,RPPNMLNKPHLFFDP56CA
ªê§ÀÂí,¤g¦a,¤û®H¤l¬q991~1020¦a¸¹,4240.0,,¯S©w¹A·~°Ï,¹Aªª¥Î¦a,1050613,¤g¦a1«Øª«0¨®¦ì0,,,¨ä¥L,,,,0.0,0,0,0,¦³,µL,5851200,1380,,0.0,0,,RPQNMLRKPHLFFDP07CA
ªê§ÀÂí,©Ð¦a(¤g¦a+«Øª«),¶³ªL¿¤ªê§ÀÂí¤j¸Îµó1~30¸¹,124.28,¤u,,,1050512,¤g¦a2«Øª«1¨®¦ì0,¥þ,¤T¼h,³z¤Ñ­í,¨£¨ä¥Lµn°O¨Æ¶µ,¿ûµ¬²V¾®¤g³y,0980406,186.01,4,2,3,¦³,µL,7000000,37632,,0.0,0,,RPPNMLOJQHLFFDP66CA
ªê§ÀÂí,©Ð¦a(¤g¦a+«Øª«),¶³ªL¿¤ªê§ÀÂí¦w·Ë¸ô91~120¸¹,90.13,,¶m§ø°Ï,¤AºØ«Ø¿v¥Î¦a,1050624,¤g¦a2«Øª«1¨®¦ì0,¥þ,¤G¼h,³z¤Ñ­í,¦í®a¥Î,¥[±j¿j³y,0821228,109.87,3,1,2,¦³,µL,2300000,20934,,0.0,0,,RPXNMLLLPHLFFDP27CA
¤æ«nÂí,¤g¦a,¹´¯u¬q1~30¦a¸¹,7.98,¨ä¥L,,,1050622,¤g¦a2«Øª«0¨®¦ì0,,,¨ä¥L,,,,0.0,0,0,0,¦³,¦³,35250,4417,,0.0,0,¤½¦@³]¬I,RPRNMLMKPHLFFBP56DA
¤æ«nÂí,©Ð¦a(¤g¦a+«Øª«),¶³ªL¿¤¤æ«nÂí©µ¥­¸ô¤G¬q1~30¸¹,179.0,¦í,,,1050613,¤g¦a1«Øª«1¨®¦ì0,¥þ,¤T¼h,³z¤Ñ­í,¦í°Ó¥Î,¿ûµ¬²V¾®¤g³y,0730414,201.32,5,1,3,¦³,µL,9000000,44705,,0.0,0,Åv§Q¤H¦³2¤H«ù¤À¦U1/2¡C§t¼W«Ø©Î¥¼µn°O«Øª«¡C,RPTNMLMKPHLFFBP76DA
¤æ¤»¥«,©Ð¦a(¤g¦a+«Øª«),¶³ªL¿¤¤æ¤»¥«ºÖ¿³¸ô57«Ñ1~30¸¹,74.8,,¤@¯ë¹A·~°Ï,¥ÒºØ«Ø¿v¥Î¦a,1050608,¤g¦a3«Øª«2¨®¦ì0,¥þ,¤T¼h,³z¤Ñ­í,¦í®a¥Î,¿ûµ¬²V¾®¤g³y,0830120,136.4,4,2,3,¦³,µL,2050000,15029,,0.0,0,,RPOOMLLKPHLFFAP78DA
¥x¦è¶m,¤g¦a,·s¿³¬q271~300¦a¸¹,9965.91,,¤u·~°Ï,¤BºØ«Ø¿v¥Î¦a,1050627,¤g¦a1«Øª«0¨®¦ì0,,,¨ä¥L,,,,0.0,0,0,0,¦³,µL,6500000,652,,0.0,0,,RPPNMLKLPHLFFFP56CA
³Á¼d¶m,¤g¦a,ºÖ¦w¬q841~870¦a¸¹,2277.0,,¤@¯ë¹A·~°Ï,¹Aªª¥Î¦a,1050616,¤g¦a1«Øª«0¨®¦ì0,,,¨ä¥L,,,,0.0,0,0,0,¦³,µL,2277000,1000,,0.0,0,,RPSNMLTKPHLFFFP67CA
¤ôªL¶m,¤g¦a,«n¿³¬q331~360¦a¸¹,1700.04,,¯S©w¹A·~°Ï,¹Aªª¥Î¦a,1050628,¤g¦a1«Øª«0¨®¦ì0,,,¨ä¥L,,,,0.0,0,0,0,¦³,µL,1004200,591,,0.0,0,,RPTNMLOKPHLFFEP17CA
¤ôªL¶m,¤g¦a,«n¿³¬q571~600¦a¸¹,1735.44,,¯S©w¹A·~°Ï,¹Aªª¥Î¦a,1050628,¤g¦a1«Øª«0¨®¦ì0,,,¨ä¥L,,,,0.0,0,0,0,¦³,µL,1025200,591,,0.0,0,,RPUNMLOKPHLFFEP27CA
¥_´äÂí,¤g¦a,ºÖ¼w¬q1081~1110¦a¸¹,2023.63,,¯S©w¹A·~°Ï,¹Aªª¥Î¦a,1050628,¤g¦a1«Øª«0¨®¦ì0,,,¨ä¥L,,,,0.0,0,0,0,¦³,µL,3743715,1850,,0.0,0,,RPRNMLMKPHLFFEP76CA
¤ôªL¶m,¤g¦a,«n¿³¬q541~570¦a¸¹,2224.65,,¯S©w¹A·~°Ï,¹Aªª¥Î¦a,1050628,¤g¦a1«Øª«0¨®¦ì0,,,¨ä¥L,,,,0.0,0,0,0,¦³,µL,1314600,591,,0.0,0,,RPPNMLOKPHLFFEP76CA
¤ôªL¶m,¤g¦a,«n¿³¬q91~120¦a¸¹,1508.08,,¯S©w¹A·~°Ï,¹Aªª¥Î¦a,1050628,¤g¦a1«Øª«0¨®¦ì0,,,¨ä¥L,,,,0.0,0,0,0,¦³,µL,889800,590,,0.0,0,,RPRNMLSKPHLFFEP47DA
¤ôªL¶m,¤g¦a,ªQªF¬q571~600¦a¸¹,2622.27,,¯S©w¹A·~°Ï,¹Aªª¥Î¦a,1050628,¤g¦a1«Øª«0¨®¦ì0,,,¨ä¥L,,,,0.0,0,0,0,¦³,µL,2028888,774,,0.0,0,,RPVNMLOKPHLFFEP47DA
¤ôªL¶m,¤g¦a,ªQ¦è¬q391~420¦a¸¹,2701.99,,¯S©w¹A·~°Ï,¹Aªª¥Î¦a,1050628,¤g¦a1«Øª«0¨®¦ì0,,,¨ä¥L,,,,0.0,0,0,0,¦³,µL,1888888,699,,0.0,0,,RPTNMLNKPHLFFEP17DA
¤ôªL¶m,¤g¦a,ªQ¦è¬q421~450¦a¸¹,2800.02,,¯S©w¹A·~°Ï,¹Aªª¥Î¦a,1050628,¤g¦a1«Øª«0¨®¦ì0,,,¨ä¥L,,,,0.0,0,0,0,¦³,µL,2088888,746,,0.0,0,,SPTNMLNKPHLFFEP27DA
¤ôªL¶m,¤g¦a,ªQ¦è¬q391~420¦a¸¹,2772.98,,¯S©w¹A·~°Ï,¹Aªª¥Î¦a,1050628,¤g¦a1«Øª«0¨®¦ì0,,,¨ä¥L,,,,0.0,0,0,0,¦³,µL,2018888,728,,0.0,0,,RPUNMLNKPHLFFEP27DA
¤ôªL¶m,¤g¦a,«n¿³¬q151~180¦a¸¹,753.35,,¯S©w¹A·~°Ï,¹Aªª¥Î¦a,1050628,¤g¦a1«Øª«0¨®¦ì0,,,¨ä¥L,,,,0.0,0,0,0,¦³,µL,445000,591,,0.0,0,,RPRNMLOKPHLFFEP07DA
Ûl®ä¶m,¤g¦a,³Â¶é¬q1561~1590¦a¸¹,1755.0,,¯S©w¹A·~°Ï,¹Aªª¥Î¦a,1050520,¤g¦a1«Øª«0¨®¦ì0,,,¨ä¥L,,,,0.0,0,0,0,¦³,µL,2632500,1500,,0.0,0,,RPPOMLMKPHLFFAP09EA
¤ôªL¶m,¤g¦a,ªF¿³¬q391~420¦a¸¹,1952.84,,¯S©w¹A·~°Ï,¹Aªª¥Î¦a,1050701,¤g¦a1«Øª«0¨®¦ì0,,,¨ä¥L,,,,0.0,0,0,0,¦³,µL,1562272,800,,0.0,0,,RPSNMLNKPHLFFEP96CA
ªF¶Õ¶m,¤g¦a,ªF¥_¬q1111~1140¦a¸¹,102.0,¦í,,,1050624,¤g¦a2«Øª«0¨®¦ì0,,,¨ä¥L,,,,0.0,0,0,0,¦³,µL,2800000,27451,,0.0,0,¥æ©ö»ù®æ¥]§t¥¼«O¦sµn°O¦a¤W«Øª«¦b¤º,RPPNMLPLPHLFFFP07CA
³Á¼d¶m,©Ð¦a(¤g¦a+«Øª«),¶³ªL¿¤³Á¼d¶m¨F±[«á¸ô271~300¸¹,252.5,,¶m§ø°Ï,¤AºØ«Ø¿v¥Î¦a,1050608,¤g¦a1«Øª«1¨®¦ì0,¥þ,¤G¼h,³z¤Ñ­í,¦í®a¥Î,¥[±j¿j³y,0850307,203.92,4,2,2,¦³,µL,3000000,14712,,0.0,0,,RPQNMLSLPHLFFFP47CA
³Á¼d¶m,¤g¦a,¦¨¼w¬q1021~1050¦a¸¹,303.1,¹A,,,1050421,¤g¦a1«Øª«0¨®¦ì0,,,¨ä¥L,,,,0.0,0,0,0,¦³,µL,1602029,5285,,0.0,0,,RPTNMLTJQHLFFFP77CA
³Á¼d¶m,¤g¦a,¦¨¼w¬q1021~1050¦a¸¹,417.27,¹A,,,1050409,¤g¦a1«Øª«0¨®¦ì0,,,¨ä¥L,,,,0.0,0,0,0,¦³,µL,2038336,4885,,0.0,0,,RPUNMLTJQHLFFFP87CA
³Á¼d¶m,¤g¦a,¦¨¼w¬q1021~1050¦a¸¹,140.24,¹A,,,1050409,¤g¦a3«Øª«0¨®¦ì0,,,¨ä¥L,,,,0.0,0,0,0,¦³,µL,308537,2200,,0.0,0,,RPVNMLTJQHLFFFP97CA
³Á¼d¶m,¤g¦a,¦¨¼w¬q1051~1080¦a¸¹,33.65,¹A,,,1050409,¤g¦a5«Øª«0¨®¦ì0,,,¨ä¥L,,,,0.0,0,0,0,¦³,µL,90858,2700,,0.0,0,,SPVNMLTJQHLFFFP08CA
Ûl®ä¶m,¤g¦a,¤­µØ¬q361~390¦a¸¹,1304.33,,¯S©w¹A·~°Ï,¹Aªª¥Î¦a,1050622,¤g¦a1«Øª«0¨®¦ì0,,,¨ä¥L,,,,0.0,0,0,0,¦³,µL,800000,613,,0.0,0,,RPTNMLNJQHLFFAP76DA
½Ç©¾¶m,¤g¦a,·s´ò¬q601~630¦a¸¹,3154.0,,¯S©w¹A·~°Ï,¹Aªª¥Î¦a,1050627,¤g¦a1«Øª«0¨®¦ì0,,,¨ä¥L,,,,0.0,0,0,0,¦³,µL,2750000,872,,0.0,0,,RPROMLRLPHLFFDP37CA
±[­I¶m,¤g¦a,¥Ã¦w¬q271~300¦a¸¹,222.12,,¶m§ø°Ï,¤AºØ«Ø¿v¥Î¦a,1050606,¤g¦a1«Øª«0¨®¦ì0,,,¨ä¥L,,,,0.0,0,0,0,¦³,µL,1000000,4502,,0.0,0,¥]§t¥¼«O¦s«Øª«¤@´É¡C¨ü¶ÅÅv¶Å°È¼vÅT©Î¶Å°È©èÀv¤§¥æ©ö¡C,RPQNMLSKPHLFFCP07CA
ªê§ÀÂí,©Ð¦a(¤g¦a+«Øª«),¶³ªL¿¤ªê§ÀÂí´f¨Ó61~90¸¹,137.78,,¶m§ø°Ï,¤AºØ«Ø¿v¥Î¦a,1050615,¤g¦a2«Øª«1¨®¦ì0,¥þ,¤T¼h,³z¤Ñ­í,¦í®a¥Î,¿ûµ¬²V¾®¤g³y,1041113,167.02,4,2,3,¦³,µL,5300000,31733,,0.0,0,,RPPNMLQKPHLFFDP86CA
ªê§ÀÂí,©Ð¦a(¤g¦a+«Øª«),¶³ªL¿¤ªê§ÀÂí´f¨Ó61~90¸¹,137.67,,¶m§ø°Ï,¤AºØ«Ø¿v¥Î¦a,1050527,¤g¦a2«Øª«1¨®¦ì0,¥þ,¤T¼h,³z¤Ñ­í,¦í®a¥Î,¿ûµ¬²V¾®¤g³y,1041113,167.02,4,2,3,¦³,µL,5530000,33110,,0.0,0,,RPQNMLQKPHLFFDP96CA
ªê§ÀÂí,©Ð¦a(¤g¦a+«Øª«),¶³ªL¿¤ªê§ÀÂí´f¨Ó61~90¸¹,103.12,,¶m§ø°Ï,¤AºØ«Ø¿v¥Î¦a,1050527,¤g¦a1«Øª«1¨®¦ì0,¥þ,¤T¼h,³z¤Ñ­í,¦í®a¥Î,¿ûµ¬²V¾®¤g³y,1041113,182.88,5,2,3,¦³,µL,6530000,35706,,0.0,0,,RPRNMLQKPHLFFDP07CA
ªê§ÀÂí,¤g¦a,¤û®H¤l¬q1111~1140¦a¸¹,5346.67,,¯S©w¹A·~°Ï,¹Aªª¥Î¦a,1050629,¤g¦a1«Øª«0¨®¦ì0,,,¨ä¥L,,,,0.0,0,0,0,¦³,µL,5200000,973,,0.0,0,¥»©v¤g¦aµL¥X¤J¹D¸ô»Ý©M¾F¦a¥æ´«¤g¦a¤§¥æ©ö¡C,RPOOMLKLPHLFFDP98CA
ªê§ÀÂí,¤g¦a,¥­©M­í¬q541~570¦a¸¹,276.21,¦í,,,1050620,¤g¦a1«Øª«0¨®¦ì0,,,¨ä¥L,,,,0.0,0,0,0,¦³,µL,11613450,42046,,0.0,0,,RPRNMLNKPHLFFDP76CA
¤G±[¶m,¤g¦a,¨Ó´f¬q1051~1080¦a¸¹,334.34,¤u,,,1050623,¤g¦a2«Øª«0¨®¦ì0,,,¨ä¥L,,,,0.0,0,0,0,¦³,µL,2540000,7597,,0.0,0,,RPQNMLLKPHLFFCP98CA
¦èÁ³Âí,©Ð¦a(¤g¦a+«Øª«),¶³ªL¿¤¦èÁ³Âí¥Á±Ú¸ô1~30¸¹,84.85,¦í,,,1050609,¤g¦a1«Øª«1¨®¦ì0,¥þ,¤T¼h,³z¤Ñ­í,¨£¨ä¥Lµn°O¨Æ¶µ,¿ûµ¬²V¾®¤g³y,1040811,175.42,4,2,3,¦³,µL,7600000,43325,,0.0,0,,RPRNMLMKPHLFFCP56CA
±[­I¶m,¤g¦a,¿ß¨à¤z¬q1801~1830¦a¸¹,2348.0,,¯S©w¹A·~°Ï,¹Aªª¥Î¦a,1050615,¤g¦a1«Øª«0¨®¦ì0,,,¨ä¥L,,,,0.0,0,0,0,¦³,µL,2089720,890,,0.0,0,,RPWNMLQLPHLFFCP57CA
¤æ¤»¥«,©Ð¦a(¤g¦a+«Øª«),¶³ªL¿¤¤æ¤»¥««Ø¿³¸ô31~60¸¹,106.67,¦í,,,1050625,¤g¦a2«Øª«1¨®¦ì0,¥þ,¥|¼h,³z¤Ñ­í,¦í®a¥Î,¿ûµ¬²V¾®¤g³y,0951001,228.8,4,3,3,¦³,µL,9000000,39336,,0.0,0,,RPTNMLPJQHLFFAP86CA
¤æ¤»¥«,¤g¦a,¤¤¿³¬q751~780¦a¸¹,537.02,,¶m§ø°Ï,¤AºØ«Ø¿v¥Î¦a,1050603,¤g¦a8«Øª«0¨®¦ì0,,,¨ä¥L,,,,0.0,0,0,0,¦³,µL,7100000,13221,,0.0,0,,RPPOMLNKPHLFFAP98CA
¤æ¤»¥«,¤g¦a,¤j¦Ë³ò¬q31~60¦a¸¹,14880.58,,¯S©w¹A·~°Ï,¥ÒºØ«Ø¿v¥Î¦a,1050429,¤g¦a11«Øª«0¨®¦ì0,,,¨ä¥L,,,,0.0,0,0,0,¦³,µL,147519225,9914,,0.0,0,,RPRNMLNKPHLFFAP09CA
¤æ¤»¥«,©Ð¦a(¤g¦a+«Øª«),¶³ªL¿¤¤æ¤»¥«´Î²y¤»µó1~30¸¹,91.01,¦í,,,1050627,¤g¦a1«Øª«1¨®¦ì0,¥þ,¤T¼h,³z¤Ñ­í,¦í®a¥Î,¿ûµ¬²V¾®¤g³y,0980928,173.32,5,2,3,¦³,µL,8400000,48465,,0.0,0,,RPWNMLMKPHLFFAP86CA
¤æ¤»¥«,©Ð¦a(¤g¦a+«Øª«),¶³ªL¿¤¤æ¤»¥««Oªø¸ô30«Ñ31~60¸¹,79.65,¦í,,,1050615,¤g¦a1«Øª«1¨®¦ì0,¥þ,¤G¼h,³z¤Ñ­í,¦í®a¥Î,¥[±j¿j³y,0690220,97.04,4,2,2,¦³,µL,3500000,36068,,0.0,0,,RPQOMLMKPHLFFAP98CA
¤æ¤»¥«,¤g¦a,¦Û±j¬q91~120¦a¸¹,470.31,¦í,,,1050609,¤g¦a4«Øª«0¨®¦ì0,,,¨ä¥L,,,,0.0,0,0,0,¦³,µL,32721640,69575,,0.0,0,,RPUNMLNKPHLFFAP76CA
¤æ¤»¥«,©Ð¦a(¤g¦a+«Øª«),¶³ªL¿¤¤æ¤»¥«¦Ë³ò¸ô31~60¸¹,55.6,,¶m§ø°Ï,¤AºØ«Ø¿v¥Î¦a,1050512,¤g¦a1«Øª«1¨®¦ì0,¥þ,¤G¼h,³z¤Ñ­í,¦í®a¥Î,¥[±j¿j³y,0700320,100.23,2,1,2,¦³,µL,1200000,11972,,0.0,0,,RPROMLLKPHLFFAP98CA
Ûl®ä¶m,©Ð¦a(¤g¦a+«Øª«),¶³ªL¿¤Ûl®ä¶m·Ë¬ü1~30¸¹,123.94,,¯S©w¹A·~°Ï,¥ÒºØ«Ø¿v¥Î¦a,1050603,¤g¦a2«Øª«1¨®¦ì0,¥þ,¤T¼h,³z¤Ñ­í,¦í®a¥Î,¿ûµ¬²V¾®¤g³y,1041115,185.77,4,2,3,¦³,µL,5600000,30145,,0.0,0,,RPWNMLLLPHLFFAP86CA
¥j§|¶m,¤g¦a,ªF©M¬q331~360¦a¸¹,3599.0,,¯S©w¹A·~°Ï,¹Aªª¥Î¦a,1050609,¤g¦a2«Øª«0¨®¦ì0,,,¨ä¥L,,,,0.0,0,0,0,¦³,µL,8709600,2420,,0.0,0,,RPPNMLOKPHLFFAP98CA
¥j§|¶m,¤g¦a,¤j´ò©³¬q241~270¦a¸¹,651.0,,¤s©Y¦a«O¨|°Ï,¼È¥¼½s©w,1050519,¤g¦a2«Øª«0¨®¦ì0,,,¨ä¥L,,,,0.0,0,0,0,¦³,µL,6800000,10445,,0.0,0,¥]§t¥¼¿ì«O¦sµn°O¤§«Øª«²¾Âà,RPOOMLNKPHLFFAP88CA
Ûl®ä¶m,©Ð¦a(¤g¦a+«Øª«),¶³ªL¿¤Ûl®ä¶m¤j¬ü1~30¸¹,155.69,,¶m§ø°Ï,¤AºØ«Ø¿v¥Î¦a,1050622,¤g¦a6«Øª«1¨®¦ì0,¥þ,¤T¼h,³z¤Ñ­í,¦í®a¥Î,¿ûµ¬²V¾®¤g¥[±j¿j³y,1040203,198.65,4,2,4,¦³,µL,7500000,37755,,0.0,0,§t¼W«Øª«,RPXNMLSKPHLFFAP57CA
ªL¤º¶m,©Ð¦a(¤g¦a+«Øª«),¶³ªL¿¤ªL¤º¶m´_¿³¸ô31~60¸¹,90.0,¦í,,,1050705,¤g¦a1«Øª«1¨®¦ì0,¥þ,¤G¼h,³z¤Ñ­í,¦í®a¥Î,¥[±j¿j³y,0701231,118.28,3,2,2,¦³,µL,2120000,17924,,0.0,0,,RPUNMLPJQHLFFAP96CA
¤æ«nÂí,©Ð¦a(¤g¦a+«Øª«),¶³ªL¿¤¤æ«nÂí¥@ºaµó1~30¸¹,4.23,°Ó,,,1050628,¤g¦a1«Øª«1¨®¦ì0,¤G¼h,¤Q¤T¼h,®M©Ð(1©Ð1ÆU1½Ã),¦í®a¥Î,¿ûµ¬²V¾®¤g³y,0840710,83.17,1,1,1,¦³,¦³,1250000,15029,,0.0,0,,RPPNMLTLPHLFFBP07CA
ªL¤º¶m,©Ð¦a(¤g¦a+«Øª«),¶³ªL¿¤ªL¤º¶mªL¤¤§ø¤½¶é61~90¸¹,157.48,¦í,,,1050602,¤g¦a5«Øª«1¨®¦ì0,¥þ,¤T¼h,³z¤Ñ­í,¨£¨ä¥Lµn°O¨Æ¶µ,¿ûµ¬²V¾®¤g³y,1040618,172.06,5,1,3,¦³,µL,6400000,37196,,0.0,0,,RPXOMLTJQHLFFAP77CA
ªL¤º¶m,©Ð¦a(¤g¦a+«Øª«),¶³ªL¿¤ªL¤º¶mªL¤¤§ø¤½¶é61~90¸¹,159.46,¦í,,,1050602,¤g¦a4«Øª«1¨®¦ì0,¥þ,¤T¼h,³z¤Ñ­í,¦í®a¥Î,¿ûµ¬²V¾®¤g³y,1040618,194.04,6,1,3,¦³,µL,6500000,33498,,0.0,0,,RPUNMLSJQHLFFAP27CA
¦èÁ³Âí,¤g¦a,ªF«n¬q151~180¦a¸¹,2366.32,¹A,,,1050615,¤g¦a1«Øª«0¨®¦ì0,,,¨ä¥L,,,,0.0,0,0,0,¦³,µL,6624800,2800,,0.0,0,,RPPNMLPKPHLFFCP66CA
±[­I¶m,¤g¦a,ªF¿³¬q1741~1770¦a¸¹,1941.4,,¯S©w¹A·~°Ï,¹Aªª¥Î¦a,1050628,¤g¦a1«Øª«0¨®¦ì0,,,¨ä¥L,,,,0.0,0,0,0,¦³,µL,2600000,1339,,0.0,0,,RPPNMLNKPHLFFCP09CA
ªê§ÀÂí,¤g¦a,´f¨Ó­í¬q1321~1350¦a¸¹,231.0,,¶m§ø°Ï,¤AºØ«Ø¿v¥Î¦a,1050630,¤g¦a1«Øª«0¨®¦ì0,,,¨ä¥L,,,,0.0,0,0,0,¦³,µL,2096600,9076,,0.0,0,,RPPNMLOKPHLFFDP66CA
±[­I¶m,©Ð¦a(¤g¦a+«Øª«),¶³ªL¿¤±[­I¶mªF¿³¸ô31~60¸¹,154.56,,¶m§ø°Ï,¤AºØ«Ø¿v¥Î¦a,1050614,¤g¦a1«Øª«1¨®¦ì0,¥þ,¤T¼h,³z¤Ñ­í,¦í®a¥Î,¿ûµ¬²V¾®¤g³y,0861019,186.71,3,2,3,¦³,µL,4000000,21424,,0.0,0,,RPSNMLTLPHLFFCP47CA
¤æ¤»¥«,©Ð¦a(¤g¦a+«Øª«),¶³ªL¿¤¤æ¤»¥«¹ÅªF¤¤¸ô1~30¸¹,85.95,,¶m§ø°Ï,¤AºØ«Ø¿v¥Î¦a,1050417,¤g¦a2«Øª«1¨®¦ì0,¥þ,¥|¼h,³z¤Ñ­í,¦í®a¥Î,¿ûµ¬²V¾®¤g³y,0870506,183.65,6,2,3,¦³,µL,5000000,27226,,0.0,0,¿Ë¤Í¡B­û¤u©Î¨ä¥L¯S®íÃö«Y¶¡¤§¥æ©ö¡C,RPPNMLKLPHLFFAP78DA
¤æ«nÂí,©Ð¦a(¤g¦a+«Øª«),¶³ªL¿¤¤æ«nÂí¤K¼wµó31«Ñ1~30¸¹,10.4,¦í,,,1050623,¤g¦a1«Øª«1¨®¦ì0,¤­¼h,¤­¼h,®M©Ð(1©Ð1ÆU1½Ã),¦í®a¥Î,¿ûµ¬²V¾®¤g³y,0851005,36.16,1,1,1,¦³,¦³,780000,21571,,0.0,0,,RPPNMLMLPHLFFBP09DA
³Á¼d¶m,¤g¦a,¦¨¼w¬q1021~1050¦a¸¹,289.35,¹A,,,1050509,¤g¦a1«Øª«0¨®¦ì0,,,¨ä¥L,,,,0.0,0,0,0,¦³,µL,1529326,5285,,0.0,0,,RPWNMLTJQHLFFFP08CA
³Á¼d¶m,¤g¦a,¦¨¼w¬q1021~1050¦a¸¹,13.72,¹A,,,1050509,¤g¦a1«Øª«0¨®¦ì0,,,¨ä¥L,,,,0.0,0,0,0,¦³,µL,72516,5285,,0.0,0,,RPXNMLTJQHLFFFP18CA
³Á¼d¶m,¤g¦a,¦¨¼w¬q1021~1050¦a¸¹,58.96,¹A,,,1050509,¤g¦a3«Øª«0¨®¦ì0,,,¨ä¥L,,,,0.0,0,0,0,¦³,µL,129708,2200,,0.0,0,,RPOOMLTJQHLFFFP37CA
³Á¼d¶m,¤g¦a,¦¨¼w¬q1021~1050¦a¸¹,14.15,¹A,,,1050509,¤g¦a5«Øª«0¨®¦ì0,,,¨ä¥L,,,,0.0,0,0,0,¦³,µL,38196,2699,,0.0,0,,SPOOMLTJQHLFFFP47CA
¥_´äÂí,¤g¦a,ºÖ¼w¬q241~270¦a¸¹,1752.99,,¯S©w¹A·~°Ï,¹Aªª¥Î¦a,1050701,¤g¦a1«Øª«0¨®¦ì0,,,¨ä¥L,,,,0.0,0,0,0,¦³,µL,1507571,860,,0.0,0,,RPPNMLMKPHLFFEP56CA
¤g®wÂí,¤g¦a,¦Ë¼d¬q241~270¦a¸¹,77.0,,¶m§ø°Ï,¥æ³q¥Î¦a,1050420,¤g¦a1«Øª«0¨®¦ì0,,,¨ä¥L,,,,0.0,0,0,0,¦³,µL,100100,1300,,0.0,0,,RPSNMLKKQHLFFDP66CA
¤g®wÂí,¤g¦a,¦Ë¼d¬q151~180¦a¸¹,8.0,,¯S©w¹A·~°Ï,¹Aªª¥Î¦a,1050420,¤g¦a1«Øª«0¨®¦ì0,,,¨ä¥L,,,,0.0,0,0,0,¦³,µL,10400,1300,,0.0,0,,RPTNMLKKQHLFFDP76CA
¤g®wÂí,¤g¦a,¦Ë¼d¬q361~390¦a¸¹,277.0,,¯S©w¹A·~°Ï,¥æ³q¥Î¦a,1050420,¤g¦a1«Øª«0¨®¦ì0,,,¨ä¥L,,,,0.0,0,0,0,¦³,µL,360100,1300,,0.0,0,,RPUNMLKKQHLFFDP86CA
¤g®wÂí,¤g¦a,¦Ë¼d¬q361~390¦a¸¹,80.0,,¯S©w¹A·~°Ï,¥æ³q¥Î¦a,1050420,¤g¦a1«Øª«0¨®¦ì0,,,¨ä¥L,,,,0.0,0,0,0,¦³,µL,104000,1300,,0.0,0,,RPVNMLKKQHLFFDP96CA
¤g®wÂí,¤g¦a,¦Ë¼d¬q361~390¦a¸¹,905.0,,¯S©w¹A·~°Ï,¥æ³q¥Î¦a,1050420,¤g¦a1«Øª«0¨®¦ì0,,,¨ä¥L,,,,0.0,0,0,0,¦³,µL,1176500,1300,,0.0,0,,RPWNMLKKQHLFFDP07CA
¤g®wÂí,¤g¦a,¦Ë¼d¬q361~390¦a¸¹,293.0,,¯S©w¹A·~°Ï,¥æ³q¥Î¦a,1050420,¤g¦a1«Øª«0¨®¦ì0,,,¨ä¥L,,,,0.0,0,0,0,¦³,µL,380900,1300,,0.0,0,,RPXNMLKKQHLFFDP17CA
¤g®wÂí,¤g¦a,¦Ë¼d¬q301~330¦a¸¹,695.0,,¯S©w¹A·~°Ï,¥æ³q¥Î¦a,1050420,¤g¦a1«Øª«0¨®¦ì0,,,¨ä¥L,,,,0.0,0,0,0,¦³,µL,903500,1300,,0.0,0,,RPOOMLKKQHLFFDP98CA
¤g®wÂí,¤g¦a,¦Ë¼d¬q301~330¦a¸¹,127.0,,¯S©w¹A·~°Ï,¥æ³q¥Î¦a,1050420,¤g¦a1«Øª«0¨®¦ì0,,,¨ä¥L,,,,0.0,0,0,0,¦³,µL,165100,1300,,0.0,0,,RPPOMLKKQHLFFDP09CA
¤f´ò¶m,¤g¦a,¤U±[¬q1741~1770¦a¸¹,3211.31,,¤@¯ë¹A·~°Ï,¾i´Þ¥Î¦a,1050606,¤g¦a1«Øª«0¨®¦ì0,,,¨ä¥L,,,,0.0,0,0,0,¦³,µL,1600000,498,,0.0,0,,RPPNMLPKPHLFFEP86CA
¥_´äÂí,¤g¦a,§ß´Â¬q61~90¦a¸¹,4546.0,¹A,,,1050528,¤g¦a1«Øª«0¨®¦ì0,,,¨ä¥L,,,,0.0,0,0,0,¦³,µL,4500000,990,,0.0,0,,RPRNMLRLPHLFFEP37CA
¤f´ò¶m,¤g¦a,³H¼d¬q91~120¦a¸¹,3460.0,,¤@¯ë¹A·~°Ï,¹Aªª¥Î¦a,1050613,¤g¦a1«Øª«0¨®¦ì0,,,¨ä¥L,,,,0.0,0,0,0,¦³,µL,1453200,420,,0.0,0,¿Ë¤Í¡B­û¤u©Î¨ä¥L¯S®íÃö«Y¶¡¤§¥æ©ö¡C¨ü¶ÅÅv¶Å°È¼vÅT©Î¶Å°È©èÀv¤§¥æ©ö¡C,RPTNMLNJQHLFFEP07CA
¤f´ò¶m,¤g¦a,±R¤å¬q181~210¦a¸¹,1952.0,,¤@¯ë¹A·~°Ï,¹Aªª¥Î¦a,1050613,¤g¦a1«Øª«0¨®¦ì0,,,¨ä¥L,,,,0.0,0,0,0,¦³,µL,1034560,530,,0.0,0,¨ü¶ÅÅv¶Å°È¼vÅT©Î¶Å°È©èÀv¤§¥æ©ö¡C«æ¶R«æ½æ¡C,RPUNMLNJQHLFFEP17CA
¤ôªL¶m,¤g¦a,®H§À¬q121~150¦a¸¹,466.29,¦í,,,1050620,¤g¦a2«Øª«0¨®¦ì0,,,¨ä¥L,,,,0.0,0,0,0,¦³,µL,3537802,7587,,0.0,0,,RPSNMLOKPHLFFEP17DA
¤ôªL¶m,¤g¦a,¤¤¿³¬q421~450¦a¸¹,820.0,,¯S©w¹A·~°Ï,¹Aªª¥Î¦a,1050628,¤g¦a1«Øª«0¨®¦ì0,,,¨ä¥L,,,,0.0,0,0,0,¦³,µL,513150,626,,0.0,0,,RPQNMLSKPHLFFEP37DA
ªê§ÀÂí,¤g¦a,¹L·Ë¤l¬q5071~5100¦a¸¹,770.0,¹A,,,1050602,¤g¦a1«Øª«0¨®¦ì0,,,¨ä¥L,,,,0.0,0,0,0,¦³,µL,770000,1000,,0.0,0,,RPQNMLTJQHLFFDP37DA
¦èÁ³Âí,¤g¦a,®¶¿³¬q571~600¦a¸¹,65.56,¦í,,,1050604,¤g¦a1«Øª«0¨®¦ì0,,,¨ä¥L,,,,0.0,0,0,0,¦³,µL,2050061,31270,,0.0,0,©ÓÁÊ°ê¦³¦a,RPQNMLSJQHLFFCP17DA
¥j§|¶m,¤g¦a,®rÀY­í¬q571~600¦a¸¹,864.0,,¤@¯ë¹A·~°Ï,¹Aªª¥Î¦a,1050705,¤g¦a1«Øª«0¨®¦ì0,,,¨ä¥L,,,,0.0,0,0,0,¦³,µL,890000,1030,,0.0,0,,RPTNMLOKPHLFFAP96EA
ªF¶Õ¶m,¤g¦a,¥|¬ü¬q1711~1740¦a¸¹,89.0,,¶m§ø°Ï,¤AºØ«Ø¿v¥Î¦a,1050701,¤g¦a1«Øª«0¨®¦ì0,,,¨ä¥L,,,,0.0,0,0,0,¦³,µL,538400,6049,,0.0,0,,RPPNMLOKPHLFFFP96DA
¤G±[¶m,¤g¦a,²ü­cÀ¬¬q61~90¦a¸¹,27.0,,¶m§ø°Ï,¤AºØ«Ø¿v¥Î¦a,1050617,¤g¦a1«Øª«0¨®¦ì0,,,¨ä¥L,,,,0.0,0,0,0,¦³,µL,75460,2795,,0.0,0,,RPPNMLOKPHLFFCP76EA
¤æ¤»¥«,©Ð¦a(¤g¦a+«Øª«),¶³ªL¿¤¤æ¤»¥«¤j¾Ç¸ô¤@¬q601~630¸¹,91.0,¦í,,,1050628,¤g¦a2«Øª«1¨®¦ì0,¥þ,¥|¼h,³z¤Ñ­í,¦í°Ó¥Î,¿ûµ¬²V¾®¤g³y,0790115,282.49,7,2,4,¦³,µL,16000000,56639,,0.0,0,,RPQNMLTKPHLFFAP17EA
¤æ«nÂí,©Ð¦a(¤g¦a+«Øª«),¶³ªL¿¤¤æ«nÂí©µ¥­¸ô¤G¬q52«Ñ61~90¸¹,74.0,¦í,,,1050616,¤g¦a2«Øª«1¨®¦ì0,¥þ,¤G¼h,³z¤Ñ­í,¦í®a¥Î,¥[±j¿j³y,0710218,97.75,3,1,2,¦³,µL,2350000,24041,,0.0,0,,RPPNMLPKPHLFFBP76EA
¤æ¤»¥«,©Ð¦a(¤g¦a+«Øª«),¶³ªL¿¤¤æ¤»¥«¹Å·s¤@¸ô61~90¸¹,117.0,¦í,,,1050609,¤g¦a1«Øª«1¨®¦ì0,¥þ,¤T¼h,³z¤Ñ­í,¦í®a¥Î,¿ûµ¬²V¾®¤g³y,1050127,187.92,4,2,4,¦³,µL,7300000,38846,,0.0,0,,RPQNMLSKPHLFFAP07EA
¤ôªL¶m,¤g¦a,ÆW¦è¬q31~60¦a¸¹,60.29,,¶m§ø°Ï,¤AºØ«Ø¿v¥Î¦a,1050516,¤g¦a1«Øª«0¨®¦ì0,,,¨ä¥L,,,,0.0,0,0,0,¦³,µL,800000,13269,,0.0,0,§t¥¼«O¦s«Øª«¤@µ§,RPSNMLRLPHLFFEP47CA
¥_´äÂí,¤g¦a,§ß´Â¬q1711~1740¦a¸¹,2607.0,,¯S©w¹A·~°Ï,¹Aªª¥Î¦a,1050318,¤g¦a1«Øª«0¨®¦ì0,,,¨ä¥L,,,,0.0,0,0,0,¦³,µL,1720000,660,,0.0,0,,RPTNMLRLPHLFFEP57CA
¥|´ò¶m,¤g¦a,¼s·¾¬q271~300¦a¸¹,54.08,,¶m§ø°Ï,¤AºØ«Ø¿v¥Î¦a,1050622,¤g¦a1«Øª«0¨®¦ì0,,,¨ä¥L,,,,0.0,0,0,0,¦³,µL,100000,1849,,0.0,0,¿Ë¤Í¡B­û¤u©Î¨ä¥L¯S®íÃö«Y¶¡¤§¥æ©ö¡C,RPRNMLMLPHLFFEP86CA
¥_´äÂí,©Ð¦a(¤g¦a+«Øª«),¶³ªL¿¤¥_´äÂí·R°êµó31~60¸¹,92.38,¦í,,,1050629,¤g¦a1«Øª«1¨®¦ì0,¥þ,¤T¼h,³z¤Ñ­í,¦í®a¥Î,¿ûµ¬²V¾®¤g³y,0881229,186.22,4,2,2,¦³,µL,4700000,25239,,0.0,0,,RPTNMLMLPHLFFEP07CA
¥_´äÂí,©Ð¦a(¤g¦a+«Øª«)+¨®¦ì,¶³ªL¿¤¥_´äÂí¤j¦P¸ô331~360¸¹,25.43,¦í,,,1050628,¤g¦a1«Øª«1¨®¦ì1,¤G¼h,¤Q¼h,µØ·H(10¼h§t¥H¤U¦³¹q±è),¨£¨ä¥Lµn°O¨Æ¶µ,¿ûµ¬²V¾®¤g³y,0880603,158.31,3,2,2,¦³,¦³,3050000,19266,©Y¹D¥­­±,0.0,0,,RPWNMLNKPHLFFEP37CA
¤æ«nÂí,¤g¦a,«n©÷¬q661~690¦a¸¹,76.0,¦í,,,1050610,¤g¦a1«Øª«0¨®¦ì0,,,¨ä¥L,,,,0.0,0,0,0,¦³,µL,2300000,30263,,0.0,0,,RPPNMLLLPHLFFBP98DA
¦èÁ³Âí,¤g¦a,·s§d­í¬q421~450¦a¸¹,268.83,,¶m§ø°Ï,¤AºØ«Ø¿v¥Î¦a,1050615,¤g¦a1«Øª«0¨®¦ì0,,,¨ä¥L,,,,0.0,0,0,0,¦³,µL,3883450,14446,,0.0,0,,RPWNMLTLPHLFFCP87CA
¦èÁ³Âí,¤g¦a,¦èÁ³¬q871~900¦a¸¹,65.33,¨ä¥L,,,1050627,¤g¦a1«Øª«0¨®¦ì0,,,¨ä¥L,,,,0.0,0,0,0,¦³,µL,1345798,20600,,0.0,0,,RPQNMLOKPHLFFCP66CA
ªê§ÀÂí,©Ð¦a(¤g¦a+«Øª«),¶³ªL¿¤ªê§ÀÂí²M¶³¤G¸ô61~90¸¹,133.25,¦í,,,1050612,¤g¦a4«Øª«1¨®¦ì0,¥þ,¥|¼h,³z¤Ñ­í,¦í®a¥Î,¿ûµ¬²V¾®¤g³y,1040716,233.18,5,2,4,¦³,µL,10700000,45887,,0.0,0,,RPUNMLSKPHLFFDP57CA
ªê§ÀÂí,©Ð¦a(¤g¦a+«Øª«),¶³ªL¿¤ªê§ÀÂí¿o¤t¨½1¾F³»«n61~90¸¹,126.57,,¶m§ø°Ï,¤AºØ«Ø¿v¥Î¦a,1050623,¤g¦a1«Øª«1¨®¦ì0,¥þ,¤T¼h,³z¤Ñ­í,¨£¨ä¥Lµn°O¨Æ¶µ,¿ûµ¬²V¾®¤g³y,1050524,215.94,5,2,5,¦³,µL,8200000,37974,,0.0,0,,RPPNMLKLPHLFFDP98CA
ªê§ÀÂí,©Ð¦a(¤g¦a+«Øª«),¶³ªL¿¤ªê§ÀÂí¿o¤t¨½1¾F³»«n61~90¸¹,127.47,,¶m§ø°Ï,¤AºØ«Ø¿v¥Î¦a,1050623,¤g¦a1«Øª«1¨®¦ì0,¥þ,¤T¼h,³z¤Ñ­í,¨£¨ä¥Lµn°O¨Æ¶µ,¿ûµ¬²V¾®¤g³y,1050524,215.94,5,2,5,¦³,µL,8200000,37974,,0.0,0,,RPQNMLKLPHLFFDP09CA
ªê§ÀÂí,©Ð¦a(¤g¦a+«Øª«),¶³ªL¿¤ªê§ÀÂí¿o¤t¨½1¾F³»«n61~90¸¹,127.92,,¶m§ø°Ï,¤AºØ«Ø¿v¥Î¦a,1050623,¤g¦a1«Øª«1¨®¦ì0,¥þ,¤T¼h,³z¤Ñ­í,¨£¨ä¥Lµn°O¨Æ¶µ,¿ûµ¬²V¾®¤g³y,1050524,215.94,5,2,5,¦³,µL,8200000,37974,,0.0,0,,RPRNMLKLPHLFFDP56CA
ªê§ÀÂí,©Ð¦a(¤g¦a+«Øª«),¶³ªL¿¤ªê§ÀÂí¿o¤t¨½1¾F³»«n61~90¸¹,128.37,,¶m§ø°Ï,¤AºØ«Ø¿v¥Î¦a,1050623,¤g¦a1«Øª«1¨®¦ì0,¥þ,¤T¼h,³z¤Ñ­í,¨£¨ä¥Lµn°O¨Æ¶µ,¿ûµ¬²V¾®¤g³y,1050524,215.94,5,2,5,¦³,µL,8300000,38437,,0.0,0,,RPSNMLKLPHLFFDP66CA
ªê§ÀÂí,©Ð¦a(¤g¦a+«Øª«)+¨®¦ì,¶³ªL¿¤ªê§ÀÂí©M¥­¸ô1~30¸¹,14.64,°Ó,,,1050615,¤g¦a1«Øª«1¨®¦ì1,¤E¼h,¤E¼h,µØ·H(10¼h§t¥H¤U¦³¹q±è),¦í®a¥Î,¿ûµ¬²V¾®¤g³y,0861003,124.36,2,1,1,¦³,¦³,3160000,25410,©Y¹D¥­­±,29.2,0,,RPPNMLPKPHLFFDP76CA
ªê§ÀÂí,©Ð¦a(¤g¦a+«Øª«)+¨®¦ì,¶³ªL¿¤ªê§ÀÂí¼w¿³¸ô75«Ñ1~30¸¹,16.4,¦í,,,1050618,¤g¦a1«Øª«1¨®¦ì1,¤C¼h,¤Q¥|¼h,¦í¦v¤j¼Ó(11¼h§t¥H¤W¦³¹q±è),¦í®a¥Î,¿ûµ¬²V¾®¤g³y,0880730,145.26999999999998,3,2,2,¦³,¦³,3750000,25814,©Y¹D¥­­±,14.29,0,,RPQNMLPKPHLFFDP86CA
¤g®wÂí,¤g¦a,·s¥_¬q1591~1620¦a¸¹,3121.56,,¯S©w¹A·~°Ï,¹Aªª¥Î¦a,1050613,¤g¦a1«Øª«0¨®¦ì0,,,¨ä¥L,,,,0.0,0,0,0,¦³,µL,4557477,1460,,0.0,0,,RPOOMLLLPHLFFDP09CA
¤g®wÂí,¤g¦a,°¨¤½­í¬q901~930¦a¸¹,1481.0,,¯S©w¹A·~°Ï,¹Aªª¥Î¦a,1050624,¤g¦a1«Øª«0¨®¦ì0,,,¨ä¥L,,,,0.0,0,0,0,¦³,µL,2220000,1499,,0.0,0,,RPPOMLLLPHLFFDP56CA
ªê§ÀÂí,©Ð¦a(¤g¦a+«Øª«),¶³ªL¿¤ªê§ÀÂí¦è¦w¨½¤K¼wµó1~30¸¹,65.04,¦í,,,1050615,¤g¦a1«Øª«1¨®¦ì0,¥þ,¤G¼h,³z¤Ñ­í,¦í°Ó¥Î,¿ûµ¬²V¾®¤g³y,0681215,91.34,3,2,2,¦³,µL,6300000,68973,,0.0,0,,RPRNMLMLPHLFFDP76CA
ªê§ÀÂí,©Ð¦a(¤g¦a+«Øª«),¶³ªL¿¤ªê§ÀÂí¥ß¤¯¨½¥ß·sµó61~90¸¹,129.0,¦í,,,1050616,¤g¦a1«Øª«1¨®¦ì0,¥þ,¥|¼h,³z¤Ñ­í,¨£¨ä¥Lµn°O¨Æ¶µ,¿ûµ¬²V¾®¤g³y,0860626,304.1,15,1,15,¦³,µL,15000000,49326,,0.0,0,©Ð«Î¬°¥X¯²®M©Ð¡C,RPSNMLMLPHLFFDP86CA
Ûl®ä¶m,¤g¦a,·sÉÜ¤l¬q3811~3840¦a¸¹,2275.0,,¯S©w¹A·~°Ï,¹Aªª¥Î¦a,1050523,¤g¦a1«Øª«0¨®¦ì0,,,¨ä¥L,,,,0.0,0,0,0,¦³,µL,4100000,1802,,0.0,0,,RPQNMLTJQHLFFAP96CA
¤æ¤»¥«,©Ð¦a(¤g¦a+«Øª«)+¨®¦ì,¶³ªL¿¤¤æ¤»¥«©ú¼w¸ô421~450¸¹,19.2,¦í,,,1050620,¤g¦a1«Øª«1¨®¦ì1,¤T¼h,¤Q¤G¼h,¦í¦v¤j¼Ó(11¼h§t¥H¤W¦³¹q±è),¦í®a¥Î,¿ûµ¬²V¾®¤g³y,0831115,153.35,0,0,0,µL,¦³,4900000,31953,©Y¹D¾÷±ñ,0.0,0,,RPSNMLTJQHLFFAP17CA
¥j§|¶m,¤g¦a,³Â¶é¬q421~450¦a¸¹,2785.0,,¤@¯ë¹A·~°Ï,¹Aªª¥Î¦a,1050622,¤g¦a1«Øª«0¨®¦ì0,,,¨ä¥L,,,,0.0,0,0,0,¦³,µL,1200000,431,,0.0,0,,RPTNMLKKQHLFFAP09CA
¤æ¤»¥«,©Ð¦a(¤g¦a+«Øª«),¶³ªL¿¤¤æ¤»¥«©ú¼w¥_¸ô¤T¬q1~30¸¹,4.07,¦í,,,1050629,¤g¦a1«Øª«1¨®¦ì0,¤­¼h,¤Q¤»¼h,¦í¦v¤j¼Ó(11¼h§t¥H¤W¦³¹q±è),¦í®a¥Î,¿ûµ¬²V¾®¤g³y,0860515,41.32,1,1,1,¦³,µL,900000,21781,,0.0,0,,RPWOMLOJQHLFFAP17CA
¤æ¤»¥«,¤g¦a,¥ú©ú¬q661~690¦a¸¹,83.13,,¤u·~°Ï,¤BºØ«Ø¿v¥Î¦a,1050618,¤g¦a1«Øª«0¨®¦ì0,,,¨ä¥L,,,,0.0,0,0,0,¦³,µL,1156000,13906,,0.0,0,,RPWNMLRLPHLFFAP47CA
ªL¤º¶m,©Ð¦a(¤g¦a+«Øª«),¶³ªL¿¤ªL¤º¶m¤¤¥¿¸ô211~240¸¹,103.0,°Ó,,,1050616,¤g¦a1«Øª«1¨®¦ì0,¥þ,¤G¼h,³z¤Ñ­í,¦í°Ó¥Î,¨£¨ä¥Lµn°O¨Æ¶µ,0590916,121.25,3,2,3,¦³,µL,4500000,37113,,0.0,0,,RPQNMLOKPHLFFAP09CA
Ûl®ä¶m,¤g¦a,¤j®H§À¬q1801~1830¦a¸¹,2025.0,,¯S©w¹A·~°Ï,¹Aªª¥Î¦a,1050622,¤g¦a1«Øª«0¨®¦ì0,,,¨ä¥L,,,,0.0,0,0,0,¦³,µL,2920000,1442,,0.0,0,,RPSNMLOKPHLFFAP66CA
Ûl®ä¶m,©Ð¦a(¤g¦a+«Øª«),¶³ªL¿¤Ûl®ä¶m©µ¥­¸ô271~300¸¹,12.29,¦í,,,1050705,¤g¦a1«Øª«1¨®¦ì0,¤G¼h,¤E¼h,µØ·H(10¼h§t¥H¤U¦³¹q±è),¦í®a¥Î,¿ûµ¬²V¾®¤g³y,0841121,107.59,2,1,2,¦³,µL,1630000,15150,,0.0,0,,RPVNMLOKPHLFFAP96CA
Ûl®ä¶m,¤g¦a,¤j®H§À¬q2941~2970¦a¸¹,1537.0,,¯S©w¹A·~°Ï,¹Aªª¥Î¦a,1050531,¤g¦a1«Øª«0¨®¦ì0,,,¨ä¥L,,,,0.0,0,0,0,¦³,µL,3169000,2062,,0.0,0,,RPPNMLPKPHLFFAP09CA
¤æ¤»¥«,¤g¦a,±ö«n¬q541~570¦a¸¹,2256.4,,¤@¯ë¹A·~°Ï,¹Aªª¥Î¦a,1050625,¤g¦a1«Øª«0¨®¦ì0,,,¨ä¥L,,,,0.0,0,0,0,¦³,µL,4000000,1773,,0.0,0,,RPQNMLPKPHLFFAP56CA
¤æ¤»¥«,©Ð¦a(¤g¦a+«Øª«),¶³ªL¿¤¤æ¤»¥«´Î²y¤Tµó91~120¸¹,200.01,¦í,,,1050615,¤g¦a1«Øª«1¨®¦ì0,¥þ,¥|¼h,³z¤Ñ­í,¦í®a¥Î,¿ûµ¬²V¾®¤g³y,1031103,378.11,7,3,6,¦³,µL,22700000,60035,,0.0,0,¿Ë¤Í¡B­û¤u©Î¨ä¥L¯S®íÃö«Y¶¡¤§¥æ©ö¡C,RPRNMLPKPHLFFAP66CA
¤æ¤»¥«,©Ð¦a(¤g¦a+«Øª«),¶³ªL¿¤¤æ¤»¥«¤¯¸q¸ô31~60¸¹,120.0,,¶m§ø°Ï,¤AºØ«Ø¿v¥Î¦a,1050705,¤g¦a1«Øª«1¨®¦ì0,¥þ,¥|¼h,³z¤Ñ­í,¦í®a¥Î,¿ûµ¬²V¾®¤g³y,0990402,256.8,4,3,5,¦³,µL,10700000,41667,,0.0,0,,RPPNMLQKPHLFFAP56CA
¤æ¤»¥«,¤g¦a,·¾¤lÔÅ¬q®ã¸Ì¤p¬q181~210¦a¸¹,90.82,,¶m§ø°Ï,¤AºØ«Ø¿v¥Î¦a,1050623,¤g¦a3«Øª«0¨®¦ì0,,,¨ä¥L,,,,0.0,0,0,0,¦³,µL,660000,7267,,0.0,0,,RPWNMLOKPHLFFAP07CA
¤æ¤»¥«,¤g¦a,¥_Àô¬q1~30¦a¸¹,6462.31,¦í,,,1050602,¤g¦a4«Øª«0¨®¦ì0,,,¨ä¥L,,,,0.0,0,0,0,¦³,µL,270000000,41781,,0.0,0,,RPXNMLOKPHLFFAP17CA
¤æ¤»¥«,©Ð¦a(¤g¦a+«Øª«),¶³ªL¿¤¤æ¤»¥«¥¿¸q¤@µó1~30¸¹,115.17,¦í,,,1050617,¤g¦a1«Øª«1¨®¦ì0,¥þ,¤T¼h,³z¤Ñ­í,¨£¨ä¥Lµn°O¨Æ¶µ,¿ûµ¬²V¾®¤g³y,1040810,185.13,5,3,4,¦³,µL,8500000,45914,,0.0,0,,RPXNMLLLPHLFFAP96CA
¤æ¤»¥«,¤g¦a,¤½¥¿¬q721~750¦a¸¹,1751.0,°Ó,,,1050505,¤g¦a1«Øª«0¨®¦ì0,,,¨ä¥L,,,,0.0,0,0,0,¦³,µL,87396700,49912,,0.0,0,,RPQNMLMLPHLFFAP98CA
¤æ¤»¥«,©Ð¦a(¤g¦a+«Øª«),¶³ªL¿¤¤æ¤»¥«¹Å¸S¸ô1~30¸¹,136.0,,¯S©w¹A·~°Ï,¥ÒºØ«Ø¿v¥Î¦a,1050704,¤g¦a1«Øª«1¨®¦ì0,¥þ,¤T¼h,³z¤Ñ­í,¦í®a¥Î,¿ûµ¬²V¾®¤g³y,1050310,176.98,3,3,3,¦³,µL,7200000,40683,,0.0,0,,RPPNMLOLPHLFFAP09CA
¤æ¤»¥«,¤g¦a,±ö«n¬q421~450¦a¸¹,693.61,,¤@¯ë¹A·~°Ï,¹Aªª¥Î¦a,1050707,¤g¦a1«Øª«0¨®¦ì0,,,¨ä¥L,,,,0.0,0,0,0,¦³,µL,780000,1125,,0.0,0,,RPTOMLSKPHLFFAP27CA
¥j§|¶m,©Ð¦a(¤g¦a+«Øª«),¶³ªL¿¤¥j§|¶m·Ë¬w¸ô61~90¸¹,99.69,,¶m§ø°Ï,¤AºØ«Ø¿v¥Î¦a,1050624,¤g¦a2«Øª«1¨®¦ì0,¥þ,¤T¼h,³z¤Ñ­í,¦í®a¥Î,¿ûµ¬²V¾®¤g³y,0840102,154.35,4,2,3,¦³,µL,2120000,13735,,0.0,0,,RPXOMLOJQHLFFAP27CA
¤æ¤»¥«,©Ð¦a(¤g¦a+«Øª«),¶³ªL¿¤¤æ¤»¥«¹ÅªF«n¸ô50«Ñ1~30¸¹,125.62,,¯S©w¹A·~°Ï,¥ÒºØ«Ø¿v¥Î¦a,1050602,¤g¦a2«Øª«1¨®¦ì0,¥þ,¤T¼h,³z¤Ñ­í,¦í®a¥Î,¿ûµ¬²V¾®¤g³y,0960208,183.79,8,0,8,¦³,µL,5800000,31558,,0.0,0,,RPVNMLNJQHLFFAP86CA
¥j§|¶m,©Ð¦a(¤g¦a+«Øª«),¶³ªL¿¤¥j§|¶m¼sÀÙ¸ô31~60¸¹,143.45,,¶m§ø°Ï,¤AºØ«Ø¿v¥Î¦a,1050704,¤g¦a3«Øª«1¨®¦ì0,¥þ,¤T¼h,³z¤Ñ­í,¨£¨ä¥Lµn°O¨Æ¶µ,¿ûµ¬²V¾®¤g³y,1031230,205.8,5,2,3,¦³,µL,8200000,39845,,0.0,0,,RPVNMLSKPHLFFAP37CA
¤æ«nÂí,©Ð¦a(¤g¦a+«Øª«),¶³ªL¿¤¤æ«nÂí«n©÷¦è¸ô220«Ñ4§Ë1~30¸¹,63.0,¦í,,,1050622,¤g¦a1«Øª«1¨®¦ì0,¥þ,¤G¼h,³z¤Ñ­í,¦í°Ó¥Î,¥[±j¿j³y,0690421,77.5,3,2,1,¦³,µL,1900000,24516,,0.0,0,,RPPNMLQKPHLFFBP66CA
ªê§ÀÂí,©Ð¦a(¤g¦a+«Øª«),¶³ªL¿¤ªê§ÀÂíªê¿³ªF¤Q¤@µó151~180¸¹,106.6,¦í,,,1050630,¤g¦a1«Øª«1¨®¦ì0,¥þ,¤T¼h,³z¤Ñ­í,¨£¨ä¥Lµn°O¨Æ¶µ,¿ûµ¬²V¾®¤g³y,1040311,193.32,4,2,4,¦³,µL,7650000,39572,,0.0,0,,RPPNMLSJQHLFFDP07CA
ªê§ÀÂí,©Ð¦a(¤g¦a+«Øª«),¶³ªL¿¤ªê§ÀÂí²M¶³¤G¸ô31~60¸¹,134.1,¦í,,,1050618,¤g¦a4«Øª«1¨®¦ì0,¥þ,¥|¼h,³z¤Ñ­í,¦í®a¥Î,¿ûµ¬²V¾®¤g³y,1040716,233.18,5,2,4,¦³,µL,10750000,46102,,0.0,0,,RPTNMLSKPHLFFDP47CA
±[­I¶m,¤g¦a,¿ß¨à¤z¬q2371~2400¦a¸¹,1662.0,,¯S©w¹A·~°Ï,¹Aªª¥Î¦a,1050630,¤g¦a1«Øª«0¨®¦ì0,,,¨ä¥L,,,,0.0,0,0,0,¦³,µL,1080000,650,,0.0,0,,RPPNMLQKPHLFFCP76CA
¤G±[¶m,©Ð¦a(¤g¦a+«Øª«),¶³ªL¿¤¤G±[¶m¥Ã©w¸ô61~90¸¹,99.91,,¯S©w¹A·~°Ï,¥ÒºØ«Ø¿v¥Î¦a,1050704,¤g¦a1«Øª«1¨®¦ì0,¥þ,¤G¼h,³z¤Ñ­í,¦í®a¥Î,¥[±j¿j³y,0691125,126.58,3,2,2,¦³,µL,2500000,19750,,0.0,0,,RPQNMLQKPHLFFCP86CA
¦èÁ³Âí,¤g¦a,¤T¶ô­í¬q³À³õ¤p¬q1261~1290¦a¸¹,5284.0,,¯S©w¹A·~°Ï,¹Aªª¥Î¦a,1050616,¤g¦a1«Øª«0¨®¦ì0,,,¨ä¥L,,,,0.0,0,0,0,¦³,µL,12500000,2366,,0.0,0,,RPOPMLQLPHLFFCP96CA
¤G±[¶m,¤g¦a,´ä«á¬q271~300¦a¸¹,1863.0,,¯S©w¹A·~°Ï,¹Aªª¥Î¦a,1050610,¤g¦a1«Øª«0¨®¦ì0,,,¨ä¥L,,,,0.0,0,0,0,¦³,µL,1300000,698,,0.0,0,,RPTNMLOJQHLFFCP96CA
¤¸ªø¶m,¤g¦a,¤º¼d¬q151~180¦a¸¹,2475.42,,ªe¤t°Ï,¹Aªª¥Î¦a,1050630,¤g¦a1«Øª«0¨®¦ì0,,,¨ä¥L,,,,0.0,0,0,0,¦³,µL,250000,101,,0.0,0,,RPPNMLMLPHLFFEP66CA
¥|´ò¶m,¤g¦a,ªF®üÂ×¬q31~60¦a¸¹,1969.04,,¤@¯ë¹A·~°Ï,¹Aªª¥Î¦a,1050707,¤g¦a1«Øª«0¨®¦ì0,,,¨ä¥L,,,,0.0,0,0,0,¦³,µL,1411200,717,,0.0,0,,RPQNMLPKPHLFFEP96CA
¥|´ò¶m,¤g¦a,«ØµØ¬q1231~1260¦a¸¹,4950.39,,¤@¯ë¹A·~°Ï,¹Aªª¥Î¦a,1050613,¤g¦a2«Øª«0¨®¦ì0,,,¨ä¥L,,,,0.0,0,0,0,¦³,µL,2230000,450,,0.0,0,¿Ë¤Í¡B­û¤u©Î¨ä¥L¯S®íÃö«Y¶¡¤§¥æ©ö¡C¨ü¶ÅÅv¶Å°È¼vÅT©Î¶Å°È©èÀv¤§¥æ©ö¡C,RPOOMLOKPHLFFEP76CA
¤æ¤»¥«,¤g¦a,·¾¤lÔÅ¬q·¾¤lÔÅ¤p¬q121~150¦a¸¹,194.0,,¶m§ø°Ï,¤AºØ«Ø¿v¥Î¦a,1050616,¤g¦a2«Øª«0¨®¦ì0,,,¨ä¥L,,,,0.0,0,0,0,¦³,µL,1202800,6200,,0.0,0,1.§t¥¼¿ì«O¦s«Øª«¤@´É2.¤Gµ¥¿Ë¶¡¶R½æ,RPSNMLPKPHLFFAP96EA
ªê§ÀÂí,¤g¦a,°ª«n¬q91~120¦a¸¹,506.47,¦í,,,1050627,¤g¦a1«Øª«0¨®¦ì0,,,¨ä¥L,,,,0.0,0,0,0,¦³,µL,15626400,30854,,0.0,0,,RPQNMLSKPHLFFDP27DA
ªê§ÀÂí,©Ð¦a(¤g¦a+«Øª«)+¨®¦ì,¶³ªL¿¤ªê§ÀÂí¼w¿³¸ô61~90¸¹,18.28,¦í,,,1050625,¤g¦a1«Øª«1¨®¦ì1,¤Q¤T¼h,¤Q¥|¼h,¦í¦v¤j¼Ó(11¼h§t¥H¤W¦³¹q±è),¦í®a¥Î,¿ûµ¬²V¾®¤g³y,0880730,172.34,4,1,2,¦³,¦³,3900000,22630,©Y¹D¥­­±,14.29,0,,RPPNMLMLPHLFFDP66DA
¤ôªL¶m,¤g¦a,¦è¤«¬q391~420¦a¸¹,3699.1,,¯S©w¹A·~°Ï,¹Aªª¥Î¦a,1050705,¤g¦a2«Øª«0¨®¦ì0,,,¨ä¥L,,,,0.0,0,0,0,¦³,µL,3003669,812,,0.0,0,,RPRNMLPKPHLFFEP17DA
¤æ«nÂí,©Ð¦a(¤g¦a+«Øª«)+¨®¦ì,¶³ªL¿¤¤æ«nÂí¥@ºaµó1~30¸¹,5.24,°Ó,,,1050701,¤g¦a1«Øª«1¨®¦ì1,¤E¼h,¤Q¤T¼h,®M©Ð(1©Ð1ÆU1½Ã),¦í®a¥Î,¿ûµ¬²V¾®¤g³y,0840710,70.00999999999999,1,1,1,¦³,¦³,1500000,21426,¤É­°¾÷±ñ,0.0,0,¦@¦P¦@¦³«ù¤À­±¿n¤º§t¨®¦ì­±¿n,RPPNMLLKQHLFFBP98DA
¥|´ò¶m,¤g¦a,ºÖ¦w¬q571~600¦a¸¹,1313.38,,¤@¯ë¹A·~°Ï,¹Aªª¥Î¦a,1050704,¤g¦a1«Øª«0¨®¦ì0,,,¨ä¥L,,,,0.0,0,0,0,¦³,µL,1706000,1299,,0.0,0,,RPQNMLTKPHLFFEP47DA
ªê§ÀÂí,¤g¦a,¤j¤Ù¤l¬q1~30¦a¸¹,83.71,,¶m§ø°Ï,¤AºØ«Ø¿v¥Î¦a,1050610,¤g¦a2«Øª«0¨®¦ì0,,,¨ä¥L,,,,0.0,0,0,0,¦³,µL,303862,3630,,0.0,0,,RPQNMLPLPHLFFDP07DA
ªê§ÀÂí,¤g¦a,¤j¤Ù¤l¬q1~30¦a¸¹,101.34,,¶m§ø°Ï,¤AºØ«Ø¿v¥Î¦a,1050610,¤g¦a2«Øª«0¨®¦ì0,,,¨ä¥L,,,,0.0,0,0,0,¦³,µL,367345,3625,,0.0,0,,RPRNMLPLPHLFFDP17DA
ªê§ÀÂí,¤g¦a,¥_·Ë­í¬q61~90¦a¸¹,45.62,,¶m§ø°Ï,¤AºØ«Ø¿v¥Î¦a,1050610,¤g¦a1«Øª«0¨®¦ì0,,,¨ä¥L,,,,0.0,0,0,0,¦³,µL,165612,3630,,0.0,0,,RPSNMLPLPHLFFDP27DA
ªê§ÀÂí,¤g¦a,¤j¤Ù¤l¬q1~30¦a¸¹,20.27,,¶m§ø°Ï,¤AºØ«Ø¿v¥Î¦a,1050610,¤g¦a2«Øª«0¨®¦ì0,,,¨ä¥L,,,,0.0,0,0,0,¦³,µL,73573,3630,,0.0,0,,RPTNMLPLPHLFFDP37DA
ªê§ÀÂí,¤g¦a,¤j¤Ù¤l¬q1~30¦a¸¹,40.54,,¶m§ø°Ï,¤AºØ«Ø¿v¥Î¦a,1050610,¤g¦a2«Øª«0¨®¦ì0,,,¨ä¥L,,,,0.0,0,0,0,¦³,µL,147146,3630,,0.0,0,,RPUNMLPLPHLFFDP47DA
ªê§ÀÂí,¤g¦a,·s¤Ù¬q421~450¦a¸¹,4858.83,,¯S©w¹A·~°Ï,¹Aªª¥Î¦a,1050713,¤g¦a2«Øª«0¨®¦ì0,,,¨ä¥L,,,,0.0,0,0,0,¦³,µL,5481400,1128,,0.0,0,,RPSNMLQKQHLFFDP37DA
ªê§ÀÂí,¤g¦a,®õ¦w¬q91~120¦a¸¹,619.27,,¯S©w¹A·~°Ï,¹Aªª¥Î¦a,1050624,¤g¦a1«Øª«0¨®¦ì0,,,¨ä¥L,,,,0.0,0,0,0,¦³,µL,620000,1001,,0.0,0,,RPVNMLLLPHLFFDP17DA
¦èÁ³Âí,¤g¦a,¿³¦è¬q211~240¦a¸¹,795.97,¦í,,,1050630,¤g¦a4«Øª«0¨®¦ì0,,,¨ä¥L,,,,0.0,0,0,0,¦³,µL,11700000,14699,,0.0,0,,RPUNMLKKQHLFFCP86DA
¤G±[¶m,¤g¦a,·sÉÜ¤l¬q·sÉÜ¤l¤p¬q1501~1530¦a¸¹,3560.0,,¯S©w¹A·~°Ï,¹Aªª¥Î¦a,1050621,¤g¦a1«Øª«0¨®¦ì0,,,¨ä¥L,,,,0.0,0,0,0,¦³,µL,5696000,1600,,0.0,0,,RPPNMLTKPHLFFCP17DA
¤æ«nÂí,©Ð¦a(¤g¦a+«Øª«),¶³ªL¿¤¤æ«nÂí¤¤¥¿¸ô181~210¸¹,134.92,°Ó,,,1050616,¤g¦a5«Øª«2¨®¦ì0,¥þ,¤G¼h,³z¤Ñ­í,°Ó·~¥Î,¿ûµ¬²V¾®¤g³y,0521231,185.36,2,1,1,¦³,µL,7000000,37764,,0.0,0,,RPQNMLPKPHLFFBP86EA
¤j°ñ¶m,¤g¦a,Äª¦Ë«Ñ¬q661~690¦a¸¹,128.5,,¯S©w¹A·~°Ï,¥ÒºØ«Ø¿v¥Î¦a,1050613,¤g¦a1«Øª«0¨®¦ì0,,,¨ä¥L,,,,0.0,0,0,0,¦³,µL,273000,2125,,0.0,0,,RPPNMLKLPHLFFBP98EA
¥_´äÂí,©Ð¦a(¤g¦a+«Øª«),¶³ªL¿¤¥_´äÂí«Ø°ê¸ô1~30¸¹,102.0,¦í,,,1050613,¤g¦a1«Øª«1¨®¦ì0,¥þ,¤T¼h,³z¤Ñ­í,¨£¨ä¥Lµn°O¨Æ¶µ,¿ûµ¬²V¾®¤g³y,1010823,202.73,6,2,4,¦³,µL,7500000,36995,,0.0,0,,RPTNMLTKPHLFFEP67CA
¤æ«nÂí,¤g¦a,¤jªF¬q¤jªF¤p¬q2011~2040¦a¸¹,1474.0,,¯S©w¹A·~°Ï,¹Aªª¥Î¦a,1050607,¤g¦a1«Øª«0¨®¦ì0,,,¨ä¥L,,,,0.0,0,0,0,¦³,µL,2586133,1755,,0.0,0,,RPRNMLLLPHLFFBP56DA
¤æ«nÂí,¤g¦a,¤jªF¬q¤jªF¤p¬q1711~1740¦a¸¹,1594.0,,¯S©w¹A·~°Ï,¹Aªª¥Î¦a,1050607,¤g¦a1«Øª«0¨®¦ì0,,,¨ä¥L,,,,0.0,0,0,0,¦³,µL,2796673,1755,,0.0,0,,RPQNMLMLPHLFFBP56DA
Ûl®ä¶m,©Ð¦a(¤g¦a+«Øª«),¶³ªL¿¤Ûl®ä¶mÛl®ä§ø©M¥­¸ô30«Ñ110§Ë1~30¸¹,95.55,¦í,,,1050701,¤g¦a3«Øª«1¨®¦ì0,¥þ,¤G¼h,³z¤Ñ­í,¨£¨ä¥Lµn°O¨Æ¶µ,¥[±j¿j³y,0701120,120.84,4,2,2,¦³,µL,1580000,13075,,0.0,0,,RPROMLSKPHLFFAP17DA
±[­I¶m,¤g¦a,·s¯ó´ò¬q301~330¦a¸¹,3419.95,,¤@¯ë¹A·~°Ï,¹Aªª¥Î¦a,1050628,¤g¦a1«Øª«0¨®¦ì0,,,¨ä¥L,,,,0.0,0,0,0,¦³,µL,1300000,380,,0.0,0,¿Ë¤Í¡B­û¤u©Î¨ä¥L¯S®íÃö«Y¶¡¤§¥æ©ö¡C,RPPNMLSKPHLFFCP96CA
¤g®wÂí,¤g¦a,¿³·s¬q331~360¦a¸¹,903.0,,¯S©w¹A·~°Ï,¹Aªª¥Î¦a,1050628,¤g¦a1«Øª«0¨®¦ì0,,,¨ä¥L,,,,0.0,0,0,0,¦³,µL,1980000,2193,,0.0,0,,RPRNMLSKPHLFFDP27CA
ªê§ÀÂí,©Ð¦a(¤g¦a+«Øª«),¶³ªL¿¤ªê§ÀÂíªL´Ë¸ô¤G¬q31~60¸¹,9.94,¦í,,,1050620,¤g¦a3«Øª«2¨®¦ì0,¤­¼h,¤Q¤G¼h,¦í¦v¤j¼Ó(11¼h§t¥H¤W¦³¹q±è),¨£¨ä¥Lµn°O¨Æ¶µ,¿ûµ¬²V¾®¤g³y,0951205,72.22,2,2,2,¦³,¦³,2750000,38078,,0.0,0,,RPSNMLSKPHLFFDP37CA
ªê§ÀÂí,©Ð¦a(¤g¦a+«Øª«),¶³ªL¿¤ªê§ÀÂí¿o¤t¨½1¾F³»«n61~90¸¹,179.98,,¶m§ø°Ï,¤AºØ«Ø¿v¥Î¦a,1050623,¤g¦a1«Øª«1¨®¦ì0,¥þ,¤T¼h,³z¤Ñ­í,¨£¨ä¥Lµn°O¨Æ¶µ,¿ûµ¬²V¾®¤g³y,1050524,250.13,4,2,5,¦³,µL,8800000,35182,,0.0,0,,RPTNMLKLPHLFFDP76CA
½Ç©¾¶m,¤g¦a,¥Ð¬v¬q661~690¦a¸¹,1828.0,,¯S©w¹A·~°Ï,¹Aªª¥Î¦a,1050620,¤g¦a1«Øª«0¨®¦ì0,,,¨ä¥L,,,,0.0,0,0,0,¦³,µL,1937680,1060,,0.0,0,,RPUNMLKLPHLFFDP86CA
¤g®wÂí,¤g¦a,¿³·s¬q721~750¦a¸¹,581.2,,¶m§ø°Ï,¤AºØ«Ø¿v¥Î¦a,1050628,¤g¦a1«Øª«0¨®¦ì0,,,¨ä¥L,,,,0.0,0,0,0,¦³,µL,4043699,6957,,0.0,0,,RPPNMLTKPHLFFDP17CA
ªê§ÀÂí,¤g¦a,¤¯·R¬q691~720¦a¸¹,2240.18,¦í,,,1050628,¤g¦a3«Øª«0¨®¦ì0,,,¨ä¥L,,,,0.0,0,0,0,¦³,µL,34560354,15427,,0.0,0,¥»®×¥æ©ö±¡§Î¬°¤g¦a¤W©|¦³¥L¤H¤§«Øª«¦û¦³¤¤¡A¶R¤è»Ý¦Û¦æ³B²z¥e¦³¤§ªÈ¯É,RPQNMLLLPHLFFDP56CA
ªê§ÀÂí,©Ð¦a(¤g¦a+«Øª«),¶³ªL¿¤ªê§ÀÂí¤u±M¸ô271~300¸¹,17.12,¦í,,,1050613,¤g¦a1«Øª«1¨®¦ì0,¤»¼h,¤E¼h,µØ·H(10¼h§t¥H¤U¦³¹q±è),¦í®a¥Î,¿ûµ¬²V¾®¤g³y,0871130,102.21000000000001,2,1,1,¦³,¦³,2500000,24459,,0.0,0,,RPXNMLSJQHLFFDP87CA
ªê§ÀÂí,¤g¦a,¤K¼w¬q901~930¦a¸¹,11.51,¦í,,,1050705,¤g¦a1«Øª«0¨®¦ì0,,,¨ä¥L,,,,0.0,0,0,0,¦³,µL,556800,48375,,0.0,0,,RPOOMLSJQHLFFDP07CA
ªê§ÀÂí,©Ð¦a(¤g¦a+«Øª«)+¨®¦ì,¶³ªL¿¤ªê§ÀÂíªL´Ë¸ô¤G¬q477«Ñ61~90¸¹,15.96,¦í,,,1050627,¤g¦a1«Øª«1¨®¦ì1,¤­¼h,¤­¼h,¤½´J(5¼Ó§t¥H¤UµL¹q±è),¦í®a¥Î,¿ûµ¬²V¾®¤g³y,0950803,77.93,1,1,1,¦³,µL,2050000,26306,¤@¼Ó¥­­±,10.37,0,,RPROMLTJQHLFFDP47CA
ªê§ÀÂí,©Ð¦a(¤g¦a+«Øª«),¶³ªL¿¤ªê§ÀÂí²M¶³¤G¸ô61~90¸¹,140.23,¦í,,,1050706,¤g¦a2«Øª«1¨®¦ì0,¥þ,¥|¼h,³z¤Ñ­í,¦í®a¥Î,¿ûµ¬²V¾®¤g³y,1040709,283.38,4,2,5,¦³,¦³,16500000,58226,,0.0,0,,RPTNMLSLPHLFFDP57CA
ªê§ÀÂí,©Ð¦a(¤g¦a+«Øª«),¶³ªL¿¤ªê§ÀÂíªL´Ë¸ô¤@¬q360«Ñ31~60¸¹,7.6,°Ó,,,1050515,¤g¦a1«Øª«1¨®¦ì0,¤­¼h,¤Q¤G¼h,¦í¦v¤j¼Ó(11¼h§t¥H¤W¦³¹q±è),¦í®a¥Î,¿ûµ¬²V¾®¤g³y,0840406,53.269999999999996,1,1,1,¦³,¦³,1680000,31537,,0.0,0,,RPRNMLRLPHLFFDP27CA
ªê§ÀÂí,¤g¦a,¥ß¤¯¬q661~690¦a¸¹,8.57,¦í,,,1050626,¤g¦a1«Øª«0¨®¦ì0,,,¨ä¥L,,,,0.0,0,0,0,¦³,µL,337000,39323,,0.0,0,·î¹s¦a©Î¦³¦X¨Ö¨Ï¥Î¤§¥æ©ö¡C,RPVNMLQLPHLFFDP57CA
ªê§ÀÂí,¤g¦a,¤û®H¤l¬q1651~1680¦a¸¹,297.5,,¯S©w¹A·~°Ï,¥ÒºØ«Ø¿v¥Î¦a,1050701,¤g¦a1«Øª«0¨®¦ì0,,,¨ä¥L,,,,0.0,0,0,0,¦³,µL,2124000,7139,,0.0,0,,RPQOMLLLPHLFFDP66CA
¤g®wÂí,¤g¦a,°¨¤½­í¬q2971~3000¦a¸¹,952.0,,¯S©w¹A·~°Ï,¹Aªª¥Î¦a,1050622,¤g¦a1«Øª«0¨®¦ì0,,,¨ä¥L,,,,0.0,0,0,0,¦³,µL,1500000,1576,,0.0,0,,RPROMLLLPHLFFDP76CA
¤æ¤»¥«,©Ð¦a(¤g¦a+«Øª«),¶³ªL¿¤¤æ¤»¥«¤¯·R¨½¤¤µØ¸ô91~120¸¹,29.76,°Ó,,,1050621,¤g¦a1«Øª«10¨®¦ì0,¤T¼h,¤Q¼h,¿ì¤½°Ó·~¤j¼Ó,°Ó·~¥Î,¿ûµ¬²V¾®¤g³y,0841218,365.97,0,0,2,¦³,µL,6000000,16395,,0.0,0,,RPTOMLTJQHLFFAP37CA
¤æ¤»¥«,¤g¦a,¥ú©ú¬q691~720¦a¸¹,99.07,,¤u·~°Ï,¤BºØ«Ø¿v¥Î¦a,1050629,¤g¦a1«Øª«0¨®¦ì0,,,¨ä¥L,,,,0.0,0,0,0,¦³,µL,1950000,19683,,0.0,0,,RPRNMLQJQHLFFAP76CA
¤æ¤»¥«,©Ð¦a(¤g¦a+«Øª«),¶³ªL¿¤¤æ¤»¥«¤Þµ½¸ô168«Ñ1~30¸¹,94.1,,¯S©w¹A·~°Ï,¥ÒºØ«Ø¿v¥Î¦a,1050704,¤g¦a3«Øª«1¨®¦ì0,¥þ,¥|¼h,³z¤Ñ­í,¦í®a¥Î,¿ûµ¬²V¾®¤g³y,0820721,174.89,4,1,3,¦³,µL,2275000,13008,,0.0,0,,RPUNMLSKPHLFFAP27CA
