╢m┬эел░╧,ецйЎ╝╨к║,дgжa░╧мqжь╕mй╬л╪кл░╧к∙╡P,дgжa▓╛┬р┴`н▒┐nендшд╜д╪,│гелдgжaи╧е╬д└░╧,лD│гелдgжaи╧е╬д└░╧,лD│гелдgжaи╧е╬╜sйw,ецйЎж~дыдщ,ецйЎ╡з┤╔╝╞,▓╛┬р╝hж╕,┴`╝╙╝h╝╞,л╪кллм║A,еDнnе╬│~,еDнnл╪зў,л╪┐vз╣жиж~ды,л╪кл▓╛┬р┴`н▒┐nендшд╜д╪,л╪кл▓{кpоцз╜-й╨,л╪кл▓{кpоцз╜-╞U,л╪кл▓{кpоцз╜-╜├,л╪кл▓{кpоцз╜-╣j╢б,ж│╡L║▐▓z▓╒┬┤,┴`╗∙д╕,│ц╗∙иCендшд╜д╪,иожь├■зO,иожь▓╛┬р┴`н▒┐nендшд╜д╪,иожь┴`╗∙д╕,│╞╡∙,╜s╕╣
ем│U┬э,дgжa,╛ЁкL└Yмq╛ЁкLдpмq61~90жa╕╣,1197.0,,д@пы╣A╖~░╧,╣Aкке╬жa,1050623,дgжa1л╪кл0иожь0,,,ифеL,,,,0.0,0,0,0,ж│,╡L,909720,760,,0.0,0,,RPUNMLPJPHLFFBQ07CA
╕qж╦╢m,дgжa,йд╕}мq61~90жa╕╣,306.0,жэ,,,1050622,дgжa1л╪кл0иожь0,,,ифеL,,,,0.0,0,0,0,ж│,╡L,1360200,4445,,0.0,0,,RPWNMLPJPHLFFBQ27CA
ем│U┬э,дgжa,╖s╢ємqжnм№дpмq91~120жa╕╣,742.85,,╢mз°░╧,дA║╪л╪┐vе╬жa,1050510,дgжa1л╪кл0иожь0,,,ифеL,,,,0.0,0,0,0,ж│,╡L,2247100,3025,,0.0,0,"дgжa╢R╜ц▓{кpецеI,╗∙кўж█жцецеI",RPPNMLMKPHLFFBQ98CA
кFе█╢m,дgжa,о▀дl▒[мqкF▒[дpмq721~750жa╕╣,1566.46,,д@пы╣A╖~░╧,пSйwе╪к║и╞╖~е╬жa,1050523,дgжa3л╪кл0иожь0,,,ифеL,,,,0.0,0,0,0,ж│,╡L,2711625,1731,,0.0,0,┐╦д═бBн√дuй╬ифеLпSоэ├ЎлY╢бдзецйЎбC,RPPNMLMLPHLFFBQ09CA
╕qж╦╢m,дgжa,лс┬эмqлс┬эдpмq91~120жa╕╣,2970.0,,пSйw╣A╖~░╧,╣Aкке╬жa,1050602,дgжa1л╪кл0иожь0,,,ифеL,,,,0.0,0,0,0,ж│,╡L,1200000,404,,0.0,0,,RPSNMLMLPHLFFBQ76CA
ем│U┬э,й╨жa(дgжa+л╪кл),╣┼╕q┐дем│U┬э╖sе_╕Ї1~30╕╣,90.0,жэ,,,1050613,дgжa1л╪кл1иожь0,е■,дT╝h,│zд╤нэ,жэ░╙е╬,┐√╡м▓V╛одg│y,0790416,127.37,3,2,3,ж│,╡L,3000000,23553,,0.0,0,,RPUNMLMLPHLFFBQ96CA
дjкL┬э,й╨жa(дgжa+л╪кл),╣┼╕q┐ддjкL┬эжшкLи╜дде┐╕Ї344л╤31~60╕╣,126.5,жэ,,,1050601,дgжa1л╪кл1иожь0,е■,дG╝h,│zд╤нэ,жэоaе╬,игифеL╡n░Oи╞╢╡,0790919,155.58,3,1,3,ж│,╡L,3500000,22496,,0.0,0,,RPUNMLLJPHLFFCQ76CA
е┴╢п╢m,дgжa,║╓жwмq811~840жa╕╣,29.94,жэ,,,1050517,дgжa1л╪кл0иожь0,,,ифеL,,,,0.0,0,0,0,ж│,╡L,190000,6346,,0.0,0,зtе╝╡n░Oл╪клбC,RPWNMLOJPHLFFCQ27CA
╖s┤ф╢m,й╨жa(дgжa+л╪кл),╣┼╕q┐д╖s┤ф╢mдым▄з°12╛Fдым▄╝ц121~150╕╣,194.44,,╢mз°░╧,дA║╪л╪┐vе╬жa,1050528,дgжa2л╪кл1иожь0,е■,дT╝h,│zд╤нэ,жэоaе╬,игифеL╡n░Oи╞╢╡,0770120,251.53,5,2,3,ж│,╡L,7400000,29420,,0.0,0,,RPSNMLPJPHLFFCQ96CA
дjкL┬э,дgжa,дjдuд@мq181~210жa╕╣,1369.31,,дu╖~░╧,дB║╪л╪┐vе╬жa,1050524,дgжa1л╪кл0иожь0,,,ифеL,,,,0.0,0,0,0,ж│,╡L,12981059,9480,,0.0,0,,RPQNMLQJPHLFFCQ86CA
д╙лOел,й╨жa(дgжa+л╪кл),╣┼╕q┐дд╙лO╔]┬┬░ёи╜╖s░ё1~30╕╣,108.88,,пSйw╣A╖~░╧,е╥║╪л╪┐vе╬жa,1050617,дgжa4л╪кл1иожь0,е■,дT╝h,│zд╤нэ,игифеL╡n░Oи╞╢╡,игифеL╡n░Oи╞╢╡,1040910,167.57,4,2,3,ж│,╡L,4850000,28943,,0.0,0,,RPRNMLQKPHLFFDQ17CA
дЇдW╢m,й╨жa(дgжa+л╪кл),╣┼╕q┐ддЇдW╢m▓╩╖╦з°2╛F▓╩╖╦1~30╕╣,92.0,жэ,,,1050618,дgжa1л╪кл1иожь0,д@╝hбAдG╝hбA├M╝╙,дG╝h,й▒н▒(й▒╛Q),жэ░╙е╬,┐√╡м▓V╛одgе[▒j┐j│y,0701228,114.8,3,2,2,ж│,╡L,3260000,28397,,0.0,0,,RPSNMLTKPHLFFDQ57CA
дЇдW╢m,й╨жa(дgжa+л╪кл),╣┼╕q┐ддЇдW╢mе┴е═з°ж█▒j╡є31~60╕╣,66.4,,╢mз°░╧,дA║╪л╪┐vе╬жa,1050531,дgжa1л╪кл1иожь0,е■,дG╝h,│zд╤нэ,жэоaе╬,┐√╡м▓V╛одgе[▒j┐j│y,0720801,105.92,5,2,2,ж│,╡L,2500000,23603,,0.0,0,,RPTNMLTKPHLFFDQ67CA
дЇдW╢m,й╨жa(дgжa+л╪кл),╣┼╕q┐ддЇдW╢mе┴е═з°лH╕q╡є31~60╕╣,84.14,,╢mз°░╧,дA║╪л╪┐vе╬жa,1050524,дgжa1л╪кл1иожь0,е■,дG╝h,│zд╤нэ,жэоaе╬,┐√╡м▓V╛одgе[▒j┐j│y,0690401,94.58,5,2,4,ж│,╡L,3800000,40178,,0.0,0,,RPUNMLTKPHLFFDQ77CA
ддоH╢m,дgжa,й╛╕qмq1~30жa╕╣,203.93,╣A,,,1050615,дgжa1л╪кл0иожь0,,,ифеL,,,,0.0,0,0,0,ж│,╡L,2000000,9807,,0.0,0,,RPPNMLNLPHLFFDQ76CA
дЇдW╢m,й╨жa(дgжa+л╪кл),╣┼╕q┐ддЇдW╢mдЇ└Yз°ддйM╕Ї98л╤1~30╕╣,78.0,жэ,,,1050602,дgжa1л╪кл1иожь0,е■,дT╝h,│zд╤нэ,жэоaе╬,┐√╡м▓V╛одg│y,0820614,160.77,4,3,2,ж│,╡L,4900000,30478,,0.0,0,,RPTOMLRLPHLFFDQ67CA
ддоH╢m,й╨жa(дgжa+л╪кл),╣┼╕q┐дддоH╢m╢й┐│з°┤ЄеJнэ1~30╕╣,138.38,,╢mз°░╧,дA║╪л╪┐vе╬жa,1050608,дgжa2л╪кл1иожь0,е■,дT╝h,│zд╤нэ,жэоaе╬,┐√╡м▓V╛одg│y,0840426,143.03,4,3,3,ж│,╡L,2900000,20275,,0.0,0,,RPSNMLSLPHLFFDQ57CA
▒Ўдs╢m,дgжa,╣Lдsмq271~300жa╕╣,174.0,,д@пы╣A╖~░╧,╣Aкке╬жa,1050614,дgжa1л╪кл0иожь0,,,ифеL,,,,0.0,0,0,0,ж│,╡L,452400,2600,,0.0,0,,RPSNMLOJPHLFFEQ07CA
▒Ўдs╢m,й╨жa(дgжa+л╪кл),╣┼╕q┐д▒Ўдs╢m▒Ўлnз°лn║a╡є31~60╕╣,68.0,жэ,,,1050528,дgжa1л╪кл1иожь0,е■,дG╝h,│zд╤нэ,игифеL╡n░Oи╞╢╡,┐√╡м▓V╛одgе[▒j┐j│y,0700421,71.04,3,2,2,ж│,╡L,2000000,28153,,0.0,0,,RPPNMLPJPHLFFEQ86CA
ж╦▒T╢m,дgжa,дsдlк∙мq1~30жa╕╣,498.0,,д@пы╣A╖~░╧,╣Aкке╬жa,1050530,дgжa1л╪кл0иожь0,,,ифеL,,,,0.0,0,0,0,ж│,ж│,1500000,3012,,0.0,0,,RPQNMLQJPHLFFEQ07CA
д╗╕}╢m,дgжa,┤фз└╝dмq┤фм№дpмq1~30жa╕╣,2469.0,,пSйw╣A╖~░╧,╣Aкке╬жa,1050529,дgжa1л╪кл0иожь0,,,ифеL,,,,0.0,0,0,0,ж│,╡L,1920000,778,,0.0,0,,RPXNMLPJPHLFFBQ47DA
д╙лOел,дgжa,лс╝цмqлс╝цдpмq301~330жa╕╣,4668.0,,пSйw╣A╖~░╧,╣Aкке╬жa,1050624,дgжa1л╪кл0иожь0,,,ифеL,,,,0.0,0,0,0,ж│,╡L,10736400,2300,,0.0,0,,RPSNMLOJPHLFFDQ07DA
╡f╕Ї╢m,дgжa,д║┬|мq1~30жa╕╣,963.0,╣A,,,1050523,дgжa2л╪кл0иожь0,,,ифеL,,,,0.0,0,0,0,ж│,╡L,230000,239,,0.0,0,и№╢┼┼v╢┼░╚╝v┼Tй╬╢┼░╚йш└vдзецйЎбCлц╢Rлц╜цбC,RPVNMLLKPHLFFEQ27DA
дjкL┬э,дgжa,жшкLмq61~90жa╕╣,178.56,жэ,,,1050610,дgжa2л╪кл0иожь0,,,ифеL,,,,0.0,0,0,0,ж│,╡L,4559078,25532,,0.0,0,зt╝Wл╪й╬е╝╡n░Oл╪клбC,RPQNMLOJPHLFFCQ86EA
дjкL┬э,дgжa,жшкLмq61~90жa╕╣,130.95,жэ,,,1050610,дgжa2л╪кл0иожь0,,,ифеL,,,,0.0,0,0,0,ж│,╡L,3050124,23292,,0.0,0,,RPRNMLOJPHLFFCQ96EA
е┴╢п╢m,дgжa,дj▒Tмq151~180жa╕╣,199.1,,д@пы╣A╖~░╧,╣Aкке╬жa,1050624,дgжa1л╪кл0иожь0,,,ифеL,,,,0.0,0,0,0,ж│,╡L,232500,1168,,0.0,0,,RPQNMLPJPHLFFCQ96EA
╖s┤ф╢m,дgжa,дым▄╝цмqм▄╝цдpмq331~360жa╕╣,2660.0,,пSйw╣A╖~░╧,╣Aкке╬жa,1050609,дgжa1л╪кл0иожь0,,,ифеL,,,,0.0,0,0,0,ж│,╡L,4256000,1600,,0.0,0,,RPRNMLPLPHLFFCQ27EA
е┴╢п╢m,дgжa,┬∙┤ймq331~360жa╕╣,1467.0,,пSйw╣A╖~░╧,╣Aкке╬жa,1050624,дgжa1л╪кл0иожь0,,,ифеL,,,,0.0,0,0,0,ж│,╡L,1885000,1285,,0.0,0,,RPPNMLRJPHLFFCQ07EA
дЇдW╢m,дgжa,дЇкFмq631~660жa╕╣,171.77,жэ,,,1050622,дgжa2л╪кл0иожь0,,,ифеL,,,,0.0,0,0,0,ж│,╡L,4250000,24742,,0.0,0,,RPSNMLPJPHLFFDQ17DA
▒Ўдs╢m,дgжa,дjйWмq91~120жa╕╣,135.03,,н╖┤║░╧,╣Aкке╬жa,1050620,дgжa2л╪кл0иожь0,,,ифеL,,,,0.0,0,0,0,ж│,╡L,1600000,11849,,0.0,0,╗∙кўзtжaдWклбB┐╦д═пSоэ├ЎлY╢бдзецйЎбC,RPQNMLRJPHLFFEQ17CA
дЇдW╢m,дgжa,▒Tдl└Yмq▒Tдl└Yдpмq121~150жa╕╣,2368.0,,пSйw╣A╖~░╧,╣Aкке╬жa,1050527,дgжa1л╪кл0иожь0,,,ифеL,,,,0.0,0,0,0,ж│,╡L,10028000,4235,,0.0,0,,RPQNMLQKPHLFFDQ07CA
дЇдW╢m,дgжa,╖s╡fдl╝dмq1951~1980жa╕╣,481.82,,пSйw╣A╖~░╧,╣Aкке╬жa,1050617,дgжa1л╪кл0иожь0,,,ифеL,,,,0.0,0,0,0,ж│,╡L,300000,623,,0.0,0,,RPPNMLPJPHLFFDQ76CA
дЇдW╢m,й╨жa(дgжa+л╪кл)+иожь,╣┼╕q┐ддЇдW╢mмh╢mз°мhдlкL151~180╕╣,32.09,,╢mз°░╧,дA║╪л╪┐vе╬жa,1050623,дgжa1л╪кл1иожь1,дн╝h,дн╝h,╡╪╖H(10╝hзtеHдUж│╣q▒ш),жэоaе╬,┐√╡м▓V╛одg│y,0860524,114.16,3,2,1,ж│,ж│,1800000,15767,йY╣D╛ў▒ё,0.0,0,,RPQNMLPJPHLFFDQ86CA
дjкL┬э,дgжa,дj┤Ємq┤Єе_дpмq91~120жa╕╣,1204.0,,пSйw╣A╖~░╧,╣Aкке╬жa,1050615,дgжa1л╪кл0иожь0,,,ифеL,,,,0.0,0,0,0,ж│,╡L,1300000,1080,,0.0,0,┐╦д═пSоэ├ЎлY╢бдзецйЎбC,RPTNMLPJPHLFFCQ07CA
дjкL┬э,й╨жa(дgжa+л╪кл),╣┼╕q┐ддjкL┬эй·йMи╜11╛Fе╠╜й▒[╕Ї224л╤61~90╕╣,83.0,жэ,,,1050615,дgжa1л╪кл1иожь0,е■,дT╝h,│zд╤нэ,жэоaе╬,┐√╡м▓V╛одg│y,0821227,172.03,3,2,2,ж│,╡L,3600000,20927,,0.0,0,,RPUNMLPJPHLFFCQ17CA
дjкL┬э,дgжa,ддкLмq451~480жa╕╣,223.93,,╢mз°░╧,дA║╪л╪┐vе╬жa,1050504,дgжa1л╪кл0иожь0,,,ифеL,,,,0.0,0,0,0,ж│,╡L,1000000,4466,,0.0,0,,RPQNMLLKPHLFFCQ09CA
е┴╢п╢m,дgжa,дj▒T╕}мq91~120жa╕╣,586.25,,пSйw╣A╖~░╧,е╥║╪л╪┐vе╬жa,1050622,дgжa3л╪кл0иожь0,,,ифеL,,,,0.0,0,0,0,ж│,╡L,3402746,5804,,0.0,0,е╗о╫╡n░OжW╕qдHдGдHл∙д└жU1/2,RPTNMLLKPHLFFCQ76CA
╖╦дf╢m,дgжa,дT┼|╖╦мq241~270жa╕╣,193.99,,╢mз°░╧,дA║╪л╪┐vе╬жa,1050623,дgжa1л╪кл0иожь0,,,ифеL,,,,0.0,0,0,0,ж│,╡L,630000,3248,,0.0,0,,RPVNMLLKPHLFFCQ96CA
╕qж╦╢m,дgжa,░ёдl└Yмq░ёлeдpмq331~360жa╕╣,3902.0,,пSйw╣A╖~░╧,╣Aкке╬жa,1050623,дgжa1л╪кл0иожь0,,,ифеL,,,,0.0,0,0,0,ж│,╡L,2200000,564,,0.0,0,,RPVNMLPJPHLFFBQ17CA
╕qж╦╢m,дgжa,╖sй▒мq1681~1710жa╕╣,5435.0,,пSйw▒Mе╬░╧,╛i┤▐е╬жa,1050616,дgжa4л╪кл0иожь0,,,ифеL,,,,0.0,0,0,0,ж│,╡L,2717500,500,,0.0,0,,RPPNMLPJPHLFFBQ56CA
ем│U┬э,дgжa,л╪┐│мq241~270жa╕╣,55.82,,╢mз°░╧,дA║╪л╪┐vе╬жa,1050622,дgжa1л╪кл0иожь0,,,ифеL,,,,0.0,0,0,0,ж│,╡L,1266416,22687,,0.0,0,,RPQNMLPJPHLFFBQ66CA
ж╡дlел,дgжa,┬эжwмq61~90жa╕╣,65.0,жэ,,,1050616,дgжa1л╪кл0иожь0,,,ифеL,,,,0.0,0,0,0,ж│,╡L,1572800,24197,,0.0,0,дWж│е╝лOжs╡n░Oдзл╪кл,RPTNMLTKPHLFFBQ47CA
ж╡дlел,й╨жa(дgжa+л╪кл),╣┼╕q┐дж╡дlелдs│q╕Ї1~30╕╣,17.59,жэ,,,1050615,дgжa2л╪кл1иожь0,,дQдG╝h,жэжvдj╝╙(11╝hзtеHдWж│╣q▒ш),жэоaе╬,┐√╡м▓V╛одg│y,0830910,103.28999999999999,3,2,2,ж│,ж│,2400000,23236,,0.0,0,,RPSNMLLKPHLFFBQ56CA
ж╡дlел,дgжa,дj╕пмq211~240жa╕╣,179.47,,╢mз°░╧,дA║╪л╪┐vе╬жa,1050622,дgжa8л╪кл0иожь0,,,ифеL,,,,0.0,0,0,0,ж│,╡L,1350000,7522,,0.0,0,┼vзQдHж@дGдHбA╝Wн╚╡|е╤й╙╢RдH├║п╟,RPQNMLOKPHLFFBQ66CA
кFе█╢m,дgжa,ў┤╣кмq211~240жa╕╣,1443.0,,д@пы╣A╖~░╧,╣Aкке╬жa,1050624,дgжa1л╪кл0иожь0,,,ифеL,,,,0.0,0,0,0,ж│,╡L,450000,312,,0.0,0,,RPPNMLQJPHLFFBQ66CA
╕qж╦╢m,дgжa,дн╢бнэмqдннэдpмq271~300жa╕╣,2924.0,,пSйw╣A╖~░╧,╣Aкке╬жa,1050613,дgжa1л╪кл0иожь0,,,ифеL,,,,0.0,0,0,0,ж│,╡L,2046800,700,,0.0,0,,RPQNMLQJPHLFFBQ76CA
╕qж╦╢m,дgжa,дн╢бнэмqдннэдpмq271~300жa╕╣,2925.0,,пSйw╣A╖~░╧,╣Aкке╬жa,1050613,дgжa1л╪кл0иожь0,,,ифеL,,,,0.0,0,0,0,ж│,╡L,2047500,700,,0.0,0,,RPRNMLQJPHLFFBQ86CA
╕qж╦╢m,дgжa,жw╖╦╝dмqен╖╦дpмq1~30жa╕╣,2358.0,,пSйw╣A╖~░╧,╣Aкке╬жa,1050623,дgжa1л╪кл0иожь0,,,ифеL,,,,0.0,0,0,0,ж│,╡L,1650600,700,,0.0,0,"┐╦д═бBн√дuй╬ифеLпSоэ├ЎлY╢бдзецйЎбC╕╙╡здgжaм░╕q░╚дH┼vзQдHжUж│1/2дз┼vзQ,╖экьзб╡n░Oйє╕q░╚дHжW╕q,▓{╢R╜ц╗∙├BлY╕q░╚дH▒Nй╥ж│д@еbдз┼vзQ╜цеXдзкў├B",RPTNMLQJPHLFFBQ07CA
кFе█╢m,й╨жa(дgжa+л╪кл),╣┼╕q┐дкFе█╢mмwдl181~210╕╣,84.0,,д@пы╣A╖~░╧,е╥║╪л╪┐vе╬жa,1050621,дgжa2л╪кл1иожь0,е■,дG╝h,│zд╤нэ,жэоaе╬,┐√╡м▓V╛одgе[▒j┐j│y,0750718,127.88,3,2,2,ж│,╡L,1800000,14076,,0.0,0,,RPVNMLQJPHLFFBQ27CA
д╗╕}╢m,дgжa,ж╦дl╕}мqж╦╣┼дpмq121~150жa╕╣,3855.0,,пSйw╣A╖~░╧,╣Aкке╬жa,1050621,дgжa2л╪кл0иожь0,,,ифеL,,,,0.0,0,0,0,ж│,╡L,3215700,834,,0.0,0,,RPQNMLMKPHLFFBQ09CA
ж╡дlел,дgжa,оrлсмqлnоrдpмq1051~1080жa╕╣,3011.0,,пSйw╣A╖~░╧,╣Aкке╬жa,1050624,дgжa1л╪кл0иожь0,,,ифеL,,,,0.0,0,0,0,ж│,╡L,1806600,600,,0.0,0,,RPRNMLRJPHLFFBQ96CA
ем│U┬э,й╨жa(дgжa+л╪кл),╣┼╕q┐дем│U┬эе·┤_╕Їд@мq17л╤11з╦1~30╕╣,103.19,жэ,,,1050616,дgжa1л╪кл1иожь0,е■,дT╝h,│zд╤нэ,жэ░╙е╬,┐√╡м▓V╛одgе[▒j┐j│y,0840313,182.05,5,2,3,ж│,╡L,3360000,18456,,0.0,0,,RPVNMLMLPHLFFBQ07CA
д╙лOел,дgжa,│┬╝dмq1201~1230жa╕╣,842.17,╣A,,,1050609,дgжa1л╪кл0иожь0,,,ифеL,,,,0.0,0,0,0,ж│,╡L,1000000,1187,,0.0,0,,RPSNMLQJPHLFFDQ17CA
е┴╢п╢m,дgжa,ж┐нэй▒мq631~660жa╕╣,2716.0,жэ,,,1050621,дgжa1л╪кл0иожь0,,,ифеL,,,,0.0,0,0,0,ж│,╡L,10000000,3682,,0.0,0,,RPWNMLQLPHLFFCQ67CA
╖s┤ф╢m,дgжa,╖sдым▄╝цмq631~660жa╕╣,73.33,,╢mз°░╧,дA║╪л╪┐vе╬жa,1050623,дgжa1л╪кл0иожь0,,,ифеL,,,,0.0,0,0,0,ж│,╡L,300000,4091,,0.0,0,,RPSNMLLKPHLFFCQ66CA
е┴╢п╢m,й╨жa(дgжa+л╪кл),╣┼╕q┐де┴╢п╢mкў┐│з°е▀╝w╡є181~210╕╣,89.69,жэ,,,1050614,дgжa1л╪кл1иожь0,е■,дG╝h,│zд╤нэ,жэоaе╬,┐√╡м▓V╛одgе[▒j┐j│y,0700410,97.87,3,2,2,ж│,╡L,2030000,20742,,0.0,0,,RPOOMLLLPHLFFCQ09CA
д╙лOел,й╨жa(дgжa+л╪кл),╣┼╕q┐дд╙лO╔]дддs╕Їд@мq228л╤19з╦1~30╕╣,10.23,жэ,,,1050524,дgжa1л╪кл1иожь0,д╗╝h,дE╝h,оMй╨(1й╨1╞U1╜├),игифеL╡n░Oи╞╢╡,┐√╡м▓V╛одg│y,0821006,50.849999999999994,1,1,1,ж│,╡L,520000,10226,,0.0,0,,RPWNMLMLPHLFFDQ37CA
ж╦▒T╢m,й╨жa(дgжa+л╪кл),╣┼╕q┐дж╦▒T╢m╞W╛Їз°1~30╕╣,108.19,,╢mз°░╧,дA║╪л╪┐vе╬жa,1050402,дgжa1л╪кл1иожь0,е■,д@╝h,│zд╤нэ,жэоaе╬,игифеL╡n░Oи╞╢╡,0711109,39.28,3,2,1,ж│,╡L,1000000,25458,,0.0,0,л╬кpп}╖lж╤┬┬дзецйЎбC,RPQNMLRKPHLFFEQ27CA
д╙лOел,й╨жa(дgжa+л╪кл),╣┼╕q┐дд╙лO╔]дTжX╕Ї421~450╕╣,118.0,жэ,,,1050619,дgжa1л╪кл1иожь0,е■,дT╝h,│zд╤нэ,игифеL╡n░Oи╞╢╡,┐√╡м▓V╛одg│y,1041130,221.29,4,3,3,ж│,╡L,7000000,31633,,0.0,0,,RPRNMLQJPHLFFDQ17DA
дЇдW╢m,дgжa,лn╣tмqлnйMдpмq1261~1290жa╕╣,2636.0,,пSйw╣A╖~░╧,╣Aкке╬жa,1050615,дgжa1л╪кл0иожь0,,,ифеL,,,,0.0,0,0,0,ж│,╡L,3500000,1328,,0.0,0,,RPTNMLQJPHLFFDQ37DA
дЇдW╢m,й╨жa(дgжa+л╪кл),╣┼╕q┐ддЇдW╢mе┴е═з°жие\╡є121~150╕╣,73.82,,╢mз°░╧,дA║╪л╪┐vе╬жa,1050609,дgжa1л╪кл1иожь0,е■,е|╝h,│zд╤нэ,жэоaе╬,┐√╡м▓V╛одg│y,0820720,175.89,5,1,3,ж│,╡L,4550000,25868,,0.0,0,,RPPNMLMKPHLFFDQ66DA
дjкL┬э,й╨жa(дgжa+л╪кл),╣┼╕q┐ддjкL┬эе·й·╡є31~60╕╣,44.02,жэ,,,1050614,дgжa1л╪кл1иожь0,д@╝h,дн╝h,д╜┤J(5╝╙зtеHдU╡L╣q▒ш),игифеL╡n░Oи╞╢╡,┐√╡м▓V╛одg│y,0820217,113.17999999999999,3,2,1,ж│,╡L,3300000,29157,,0.0,0,,RPWNMLOKPHLFFCQ47DA
╖s┤ф╢m,дgжa,ддмvдlмqддмvдpмq61~90жa╕╣,2732.0,,пSйw╣A╖~░╧,╣Aкке╬жa,1050613,дgжa1л╪кл0иожь0,,,ифеL,,,,0.0,0,0,0,ж│,╡L,4098000,1500,,0.0,0,,RPWNMLRJPHLFFCQ77EA
╖╦дf╢m,дgжa,дT┼|╖╦мq481~510жa╕╣,2544.0,,пSйw╣A╖~░╧,╣Aкке╬жa,1050629,дgжa1л╪кл0иожь0,,,ифеL,,,,0.0,0,0,0,ж│,╡L,3459840,1360,,0.0,0,,RPPNMLLKPHLFFCQ56EA
ж╦▒T╢m,й╨жa(дgжa+л╪кл),╣┼╕q┐дж╦▒T╢m╞W╛Їз°16╛F╞W╛Ї2л╤1~30╕╣,60.91,,╢mз°░╧,дA║╪л╪┐vе╬жa,1050513,дgжa1л╪кл1иожь0,е■,дG╝h,│zд╤нэ,жэоaе╬,┐√╡м▓V╛одgе[▒j┐j│y,0690819,103.08,2,1,2,ж│,╡L,1800000,17462,,0.0,0,,RPPNMLMKPHLFFEQ86EA
╡f╕Ї╢m,дgжa,д║┬|мq181~210жa╕╣,1848.6,ифеL,,,1050608,дgжa3л╪кл0иожь0,,,ифеL,,,,0.0,0,0,0,ж│,╡L,4000000,2164,,0.0,0,,RPQNMLMKPHLFFEQ96EA
е┴╢п╢m,дgжa,д√╕Y╖╦мq721~750жa╕╣,1079.33,,пSйw╣A╖~░╧,╣Aкке╬жa,1050525,дgжa1л╪кл0иожь0,,,ифеL,,,,0.0,0,0,0,ж│,╡L,1619000,1500,,0.0,0,┐╦д═бBн√дuй╬ифеLпSоэ├ЎлY╢бдзецйЎбC,RPWNMLNKPHLFFCQ37DA
е┴╢п╢m,й╨жa(дgжa+л╪кл),╣┼╕q┐де┴╢п╢mе·й·╡є61~90╕╣,98.36,жэ,,,1050614,дgжa1л╪кл1иожь0,е■,дT╝h,│zд╤нэ,игифеL╡n░Oи╞╢╡,┐√╡м▓V╛одg│y,1030714,199.22,5,2,2,ж│,╡L,7360000,36944,,0.0,0,,RPXNMLNKPHLFFCQ47DA
╖s┤ф╢m,дgжa,дT╢бнэмq61~90жa╕╣,2735.0,,д@пы╣A╖~░╧,╣Aкке╬жa,1050606,дgжa1л╪кл0иожь0,,,ифеL,,,,0.0,0,0,0,ж│,╡L,3145250,1150,,0.0,0,,RPTNMLQJPHLFFCQ27DA
д╙лOел,дgжa,╣L╖╛мq╣L╖╛дpмq1561~1590жa╕╣,3412.0,,пSйw╣A╖~░╧,╣Aкке╬жa,1050624,дgжa1л╪кл0иожь0,,,ифеL,,,,0.0,0,0,0,ж│,╡L,7506400,2200,,0.0,0,,RPPNMLRJPHLFFDQ07DA
ддоH╢m,дgжa,ж╦└Y▒Tмq61~90жa╕╣,40793.0,,дsйYжaлOи|░╧,╣Aкке╬жa,1050621,дgжa5л╪кл0иожь0,,,ифеL,,,,0.0,0,0,0,ж│,╡L,6720000,165,,0.0,0,,RPSNMLRJPHLFFDQ37DA
ж╦▒T╢m,дgжa,╡╡╢│мq601~630жa╕╣,3827.05,,д@пы╣A╖~░╧,╣Aкке╬жa,1050420,дgжa1л╪кл0иожь0,,,ифеL,,,,0.0,0,0,0,ж│,╡L,9260900,2420,,0.0,0,,RPPNMLRKPHLFFEQ17CA
▒Ўдs╢m,дgжa,дjпєоHмq61~90жa╕╣,471.92,,дsйYжaлOи|░╧,╣Aкке╬жa,1050614,дgжa1л╪кл0иожь0,,,ифеL,,,,0.0,0,0,0,ж│,╡L,300000,636,,0.0,0,,RPUNMLLKPHLFFEQ07CA
│└пє╢m,дgжa,└tжЄдsмqнл╣║дpмq1291~1320жa╕╣,3000.0,,пSйw╣A╖~░╧,╣Aкке╬жa,1050604,дgжa1л╪кл0иожь0,,,ифеL,,,,0.0,0,0,0,ж│,╡L,2500000,833,,0.0,0,,RPTNMLMJQHLFFDQ96CA
д╙лOел,й╨жa(дgжa+л╪кл),╣┼╕q┐дд╙лO╔]жwдпи╜│╗┤фдlсY31~60╕╣,7.73,,╢mз°░╧,дA║╪л╪┐vе╬жa,1050619,дgжa2л╪кл1иожь0,дG╝h,дн╝h,оMй╨(1й╨1╞U1╜├),игифеL╡n░Oи╞╢╡,┐√╡м▓V╛одg│y,0940815,15.37,0,0,0,╡L,╡L,420000,27326,,0.0,0,,RPUNMLNKPHLFFDQ17CA
д╙лOел,й╨жa(дgжa+л╪кл),╣┼╕q┐дд╙лO╔]жwдпи╜│╗┤фдlсY31~60╕╣,8.07,,╢mз°░╧,дA║╪л╪┐vе╬жa,1050619,дgжa2л╪кл1иожь0,дG╝h,дн╝h,оMй╨(1й╨1╞U1╜├),игифеL╡n░Oи╞╢╡,┐√╡м▓V╛одg│y,0940815,16.15,0,0,0,╡L,╡L,420000,26006,,0.0,0,,SPUNMLNKPHLFFDQ27CA
д╙лOел,й╨жa(дgжa+л╪кл),╣┼╕q┐дд╙лO╔]жwдпи╜│╗┤фдlсY31~60╕╣,8.07,,╢mз°░╧,дA║╪л╪┐vе╬жa,1050619,дgжa2л╪кл1иожь0,дG╝h,дн╝h,оMй╨(1й╨1╞U1╜├),игифеL╡n░Oи╞╢╡,┐√╡м▓V╛одg│y,0940815,16.15,0,0,0,╡L,╡L,420000,26006,,0.0,0,,RPVNMLNKPHLFFDQ27CA
д╙лOел,й╨жa(дgжa+л╪кл),╣┼╕q┐дд╙лO╔]жwдпи╜│╗┤фдlсY31~60╕╣,8.07,,╢mз°░╧,дA║╪л╪┐vе╬жa,1050619,дgжa2л╪кл1иожь0,дG╝h,дн╝h,оMй╨(1й╨1╞U1╜├),игифеL╡n░Oи╞╢╡,┐√╡м▓V╛одg│y,0940815,16.15,0,0,0,╡L,╡L,420000,26006,,0.0,0,,SPVNMLNKPHLFFDQ37CA
е┴╢п╢m,й╨жa(дgжa+л╪кл),╣┼╕q┐де┴╢п╢m┬эе_з°къз└╝d1~30╕╣,120.67,,╢mз°░╧,дA║╪л╪┐vе╬жa,1050627,дgжa2л╪кл1иожь0,е■,дT╝h,│zд╤нэ,жэоaе╬,┐√╡м▓V╛одg│y,0880322,183.23,4,2,4,ж│,╡L,3800000,20739,,0.0,0,,RPRNMLMLPHLFFCQ76CA
е┴╢п╢m,й╨жa(дgжa+л╪кл),╣┼╕q┐де┴╢п╢mиqкLз°7╛F╖╦й│╝d1~30╕╣,68.08,,╢mз°░╧,дA║╪л╪┐vе╬жa,1050628,дgжa1л╪кл1иожь0,е■,дT╝h,│zд╤нэ,жэ░╙е╬,┐√╡м▓V╛одg│y,0821230,133.56,4,2,3,ж│,╡L,3700000,27703,,0.0,0,,RPPNMLNLPHLFFCQ66CA
е┴╢п╢m,й╨жa(дgжa+л╪кл)+иожь,╣┼╕q┐де┴╢п╢mкF║aз°4╛Fдд╔▄91~120╕╣,14.71,жэ,,,1050613,дgжa1л╪кл1иожь0,дT╝h,дE╝h,╡╪╖H(10╝hзtеHдUж│╣q▒ш),жэоaе╬,┐√╡м▓V╛одg│y,0880303,135.06,3,2,2,ж│,ж│,3100000,22953,йY╣D╛ў▒ё,0.0,0,,RPWNMLLLPHLFFCQ17CA
е┴╢п╢m,й╨жa(дgжa+л╪кл),╣┼╕q┐де┴╢п╢mдх╢йз°└nе└?1~30╕╣,129.2,жэ,,,1050609,дgжa2л╪кл1иожь0,е■,дT╝h,│zд╤нэ,игифеL╡n░Oи╞╢╡,┐√╡м▓V╛одg│y,1040521,224.81,4,2,3,ж│,╡L,11000000,48930,,0.0,0,,RPOOMLRJPHLFFCQ86CA
╖s┤ф╢m,дgжa,дT╢бнэмq511~540жa╕╣,8046.0,,пSйw╣A╖~░╧,╣Aкке╬жa,1050609,дgжa3л╪кл0иожь0,,,ифеL,,,,0.0,0,0,0,ж│,╡L,10057500,1250,,0.0,0,,RPXNMLNJQHLFFCQ37CA
е┴╢п╢m,й╨жa(дgжa+л╪кл),╣┼╕q┐де┴╢п╢mкў┐│з°е▀╝w╡є91~120╕╣,99.76,жэ,,,1050621,дgжa2л╪кл1иожь0,е■,дG╝h,│zд╤нэ,жэоaе╬,┐√╡м▓V╛одgе[▒j┐j│y,0700212,101.1,4,2,2,ж│,╡L,3900000,38576,,0.0,0,,RPTNMLSLPHLFFCQ57CA
дЇдW╢m,й╨жa(дgжa+л╪кл),╣┼╕q┐ддЇдW╢mмh╢mз°мhдlкL121~150╕╣,78.77,,╢mз°░╧,дA║╪л╪┐vе╬жa,1050617,дgжa1л╪кл1иожь0,е■,дT╝h,│zд╤нэ,игифеL╡n░Oи╞╢╡,┐√╡м▓V╛одg│y,1031006,148.84,4,2,2,ж│,╡L,4500000,30234,,0.0,0,,RPUNMLQJPHLFFDQ37CA
ддоH╢m,дgжa,ж╦└Y▒Tмq301~330жa╕╣,2055.5,,дsйYжaлOи|░╧,╣Aкке╬жa,1050519,дgжa1л╪кл0иожь0,,,ифеL,,,,0.0,0,0,0,ж│,╡L,100000,49,,0.0,0,,RPTNMLLKPHLFFDQ86CA
кFе█╢m,дgжa,┤фсYмq┤фсYдpмq331~360жa╕╣,1912.0,,д@пы╣A╖~░╧,╣Aкке╬жa,1050625,дgжa2л╪кл0иожь0,,,ифеL,,,,0.0,0,0,0,ж│,╡L,5000000,2615,,0.0,0,,RPPNMLOLPHLFFBQ66CA
╕qж╦╢m,й╨жa(дgжa+л╪кл),╣┼╕q┐д╕qж╦╢m╕qдuдT╕Ї1~30╕╣,3666.0,,дu╖~░╧,дB║╪л╪┐vе╬жa,1050506,дgжa2л╪кл4иожь0,д@╝hбAдG╝h,дG╝h,дu╝t,игифеL╡n░Oи╞╢╡,игифеL╡n░Oи╞╢╡,0951212,2188.45,0,0,0,╡L,╡L,47500000,,,0.0,0,,RPSNMLNKPHLFFBQ76CA
е┴╢п╢m,й╨жa(дgжa+л╪кл),╣┼╕q┐де┴╢п╢mдх╢йз°└nе└?1~30╕╣,93.4,жэ,,,1050609,дgжa2л╪кл1иожь0,е■,дT╝h,│zд╤нэ,игифеL╡n░Oи╞╢╡,┐√╡м▓V╛одg│y,1040521,189.36,4,2,3,ж│,╡L,8000000,42248,,0.0,0,,RPWNMLLKPHLFFCQ07CA
е┴╢п╢m,дgжa,жnжммqж╦│Єлсдpмq1051~1080жa╕╣,7629.0,,пSйw╣A╖~░╧,╣Aкке╬жa,1050628,дgжa2л╪кл0иожь0,,,ифеL,,,,0.0,0,0,0,ж│,╡L,15456900,2026,,0.0,0,,RPRNMLLKPHLFFCQ56CA
дjкL┬э,й╨жa(дgжa+л╪кл),╣┼╕q┐ддjкL┬эддкLи╜21╛FдU╝цй│1~30╕╣,13167.0,,пSйw╣A╖~░╧,╣Aкке╬жa,1050325,дgжa1л╪кл1иожь0,д@╝h,д@╝h,ифеL,игифеL╡n░Oи╞╢╡,игифеL╡n░Oи╞╢╡,0960208,10833.6,0,0,0,╡L,╡L,45000000,4154,,0.0,0,1.жaдWл╪клм░╖┼л╟╗P╣A╖~╕ъзўл╟,RPPNMLQJPHLFFCQ76CA
е┴╢п╢m,й╨жa(дgжa+л╪кл),╣┼╕q┐де┴╢п╢mкQдsз°15╛Fе▀е■╖sз°271~300╕╣,81.51,жэ,,,1050617,дgжa1л╪кл1иожь0,е■,дG╝h,│zд╤нэ,жэоaе╬,┐√╡м▓V╛одg│y,0850124,94.84,3,2,3,ж│,╡L,2750000,28996,,0.0,0,,RPTNMLRJPHLFFCQ27CA
╖s┤ф╢m,дgжa,еjе┴мq╖sе┴дpмq661~690жa╕╣,24.0,жэ,,,1050602,дgжa1л╪кл0иожь0,,,ифеL,,,,0.0,0,0,0,ж│,╡L,610000,25417,,0.0,0,,RPUNMLRJPHLFFCQ37CA
╖s┤ф╢m,дgжa,еjе┴мq╖sе┴дpмq661~690жa╕╣,1.0,жэ,,,1050602,дgжa1л╪кл0иожь0,,,ифеL,,,,0.0,0,0,0,ж│,╡L,26000,0,,0.0,0,,RPVNMLRJPHLFFCQ47CA
╕qж╦╢m,дgжa,лс┬эмqлс┬эдpмq31~60жa╕╣,1918.0,,пSйw╣A╖~░╧,╣Aкке╬жa,1050702,дgжa1л╪кл0иожь0,,,ифеL,,,,0.0,0,0,0,ж│,╡L,1300000,678,,0.0,0,,RPPNMLLKPHLFFBQ88CA
╕qж╦╢m,дgжa,╖╦мwмq╖╦мwдpмq811~840жa╕╣,1067.0,,пSйw╣A╖~░╧,╣Aкке╬жa,1050629,дgжa1л╪кл0иожь0,,,ифеL,,,,0.0,0,0,0,ж│,╡L,800000,750,,0.0,0,,RPQNMLLKPHLFFBQ98CA
д╗╕}╢m,й╨жa(дgжa+л╪кл),╣┼╕q┐дд╗╕}╢m╞Wлnз°╞Wд║91~120╕╣,320.07,,╢mз°░╧,дA║╪л╪┐vе╬жa,1050524,дgжa5л╪кл1иожь0,,д@╝h,ифеL,игифеL╡n░Oи╞╢╡,┐√╡м▓V╛одgе[▒j┐j│y,0800727,170.37,4,1,1,ж│,╡L,4500000,26413,,0.0,0,,RPRNMLLKPHLFFBQ09CA
д╗╕}╢m,й╨жa(дgжa+л╪кл),╣┼╕q┐дд╗╕}╢m▒[дl151~180╕╣,93.99,,╢mз°░╧,дA║╪л╪┐vе╬жa,1050620,дgжa2л╪кл1иожь0,е■,дG╝h,│zд╤нэ,жэоaе╬,┐√╡м▓V╛одgе[▒j┐j│y,0681231,111.2,4,2,2,ж│,╡L,872935,7850,,0.0,0,,RPQNMLRJPHLFFBQ86CA
╕qж╦╢m,дgжa,╖sй▒мq451~480жa╕╣,85.67,,╢mз°░╧,дA║╪л╪┐vе╬жa,1050624,дgжa2л╪кл0иожь0,,,ифеL,,,,0.0,0,0,0,ж│,╡L,300000,3502,,0.0,0,,RPUNMLLKPHLFFBQ76CA
ем│U┬э,й╨жa(дgжa+л╪кл),╣┼╕q┐дем│U┬э╖sжш╕Ї211~240╕╣,90.0,жэ,,,1050613,дgжa1л╪кл1иожь0,е■,дT╝h,│zд╤нэ,жэ░╙е╬,┐√╡м▓V╛одg│y,0820804,124.37,4,2,2,ж│,╡L,2308000,18558,,0.0,0,,RPQNMLNKPHLFFBQ56CA
╕qж╦╢m,дgжa,╣L╕Їдlмq╣L╕Їдpмq1021~1050жa╕╣,2805.0,,пSйw╣A╖~░╧,╣Aкке╬жa,1050525,дgжa1л╪кл0иожь0,,,ифеL,,,,0.0,0,0,0,ж│,╡L,1000000,357,,0.0,0,,RPQNMLSKPHLFFBQ07CA
е┴╢п╢m,дgжa,е┴дхмq361~390жa╕╣,74.01,жэ,,,1050602,дgжa1л╪кл0иожь0,,,ифеL,,,,0.0,0,0,0,ж│,╡L,400000,5405,,0.0,0,,RPXNMLRJPHLFFCQ67CA
ж╡дlел,й╨жa(дgжa+л╪кл),╣┼╕q┐дж╡дlелж╡дlдT╕Ї169л╤1~30╕╣,5.55,жэ,,,1050625,дgжa1л╪кл1иожь0,е|╝h,дQ╝h,╡╪╖H(10╝hзtеHдUж│╣q▒ш),жэоaе╬,┐√╡м▓V╛одg│y,0941003,17.73,1,0,1,ж│,ж│,635000,35815,,0.0,0,,RPPNMLNJQHLFFBQ09CA
д╙лOел,й╨жa(дgжa+л╪кл),╣┼╕q┐дд╙лO╔]е_╖sи╜дддs╕Їд@мq228л╤1~30╕╣,20.41,жэ,,,1050616,дgжa1л╪кл1иожь0,дE╝h,дQдG╝h,жэжvдj╝╙(11╝hзtеHдWж│╣q▒ш),игифеL╡n░Oи╞╢╡,┐√╡м▓V╛одg│y,0840908,96.59,4,2,2,ж│,ж│,3060000,31680,,0.0,0,,RPTNMLMKPHLFFDQ96CA
е┴╢п╢m,й╨жa(дgжa+л╪кл),╣┼╕q┐де┴╢п╢mкў┐│з°12╛F┤fжw╡є47л╤1~30╕╣,80.44,жэ,,,1050604,дgжa1л╪кл1иожь0,е■,дG╝h,│zд╤нэ,жэоaе╬,┐√╡м▓V╛одgе[▒j┐j│y,0701217,102.79,4,2,2,ж│,╡L,2500000,24321,,0.0,0,,RPRNMLPKPHLFFCQ96CA
╖s┤ф╢m,дgжa,┤фжшмq991~1020жa╕╣,177.0,жэ,,,1050613,дgжa1л╪кл0иожь0,,,ифеL,,,,0.0,0,0,0,ж│,╡L,4800000,27119,,0.0,0,е╗╢R╜цо╫еєлY─▌дG┐╦╡е╢бпSоэецйЎбAифецйЎ╗∙оцеiпр▓зйєел│їе┐▒`ецйЎ╗∙оцбC,RPQNMLMKPHLFFCQ56CA
╖s┤ф╢m,дgжa,ддмvдlмq301~330жa╕╣,74.75,,╢mз°░╧,дA║╪л╪┐vе╬жa,1050531,дgжa1л╪кл0иожь0,,,ифеL,,,,0.0,0,0,0,ж│,╡L,336375,4500,,0.0,0,е╗╢R╜цо╫еєлY─▌дG┐╦╡е╢бпSоэецйЎбAифецйЎ╗∙оцеiпр▓зйєел│їе┐▒`ецйЎ╗∙оцбC,RPRNMLMKPHLFFCQ66CA
╡f╕Ї╢m,дgжa,д╜е╨мq31~60жa╕╣,388.0,,┤╦кL░╧,д■║╪л╪┐vе╬жa,1050620,дgжa1л╪кл0иожь0,,,ифеL,,,,0.0,0,0,0,ж│,╡L,460000,1186,,0.0,0,,RPRNMLMKPHLFFEQ86CA
▒Ўдs╢m,дgжa,└s▓┤кLмq241~270жa╕╣,5099.33,,дsйYжaлOи|░╧,кL╖~е╬жa,1050629,дgжa3л╪кл0иожь0,,,ифеL,,,,0.0,0,0,0,ж│,╡L,900000,176,,0.0,0,┐╦д═пSоэ├ЎлY╢бдзецйЎбC╗∙кўзtжaдWкл,RPPNMLOKPHLFFEQ86CA
╡f╕Ї╢m,дgжa,д║┬|мq661~690жa╕╣,209.0,╣A,,,1050621,дgжa1л╪кл0иожь0,,,ифеL,,,,0.0,0,0,0,ж│,╡L,574750,2750,,0.0,0,еx╣q┼K╢Ёе╬жaбC,RPPNMLLKPHLFFEQ56CA
╡f╕Ї╢m,й╨жa(дgжa+л╪кл),╣┼╕q┐д╡f╕Ї╢mж┐жшз°4╛FмUеJ╕}1~30╕╣,146.11,жэ,,,1050619,дgжa7л╪кл1иожь0,е■,дн╝h,│zд╤нэ,жэоaе╬,┐√╡м▓V╛одg│y,0851004,213.68,5,2,4,ж│,╡L,5000000,23399,,0.0,0,,RPPNMLOLPHLFFEQ96CA
╖╦дf╢m,й╨жa(дgжa+л╪кл),╣┼╕q┐д╖╦дf╢m╖╦кFз°1╛Fе┴е═╕Ї31л╤1~30╕╣,89.39,жэ,,,1050602,дgжa2л╪кл1иожь0,е■,дG╝h,│zд╤нэ,жэоaе╬,┐√╡м▓V╛одgе[▒j┐j│y,0660131,99.46,3,2,2,ж│,╡L,841325,8459,,0.0,0,дўдl╢бдзецйЎбC,RPUNMLMKPHLFFCQ17EA
дЇдW╢m,дgжa,дд╔▄мq361~390жa╕╣,3478.76,,пSйw╣A╖~░╧,╣Aкке╬жa,1050616,дgжa1л╪кл0иожь0,,,ифеL,,,,0.0,0,0,0,ж│,╡L,5000000,1437,,0.0,0,,RPXNMLOKPHLFFDQ67DA
│└пє╢m,дgжa,дU╝цмq1~30жa╕╣,113.21,,╢mз°░╧,дA║╪л╪┐vе╬жa,1050628,дgжa2л╪кл0иожь0,,,ифеL,,,,0.0,0,0,0,ж│,╡L,305000,2694,,0.0,0,┐╦д═бBн√дuй╬ифеLпSоэ├ЎлY╢бдзецйЎбC,RPQNMLOJQHLFFDQ96DA
╖╦дf╢m,дgжa,мhдl╖╛мqмh╖╛дpмq211~240жa╕╣,3742.0,,пSйw╣A╖~░╧,╣Aкке╬жa,1050624,дgжa1л╪кл0иожь0,,,ифеL,,,,0.0,0,0,0,ж│,╡L,4629600,1237,,0.0,0,,RPSNMLMKPHLFFCQ96EA
дjкL┬э,й╨жa(дgжa+л╪кл),╣┼╕q┐ддjкL┬эенкLи╜▓°╖q╡є176л╤1~30╕╣,27.57,жэ,,,1050624,дgжa5л╪кл2иожь0,дT╝h,дн╝h,д╜┤J(5╝╙зtеHдU╡L╣q▒ш),игифеL╡n░Oи╞╢╡,┐√╡м▓V╛одg│y,0720312,70.67,3,1,2,ж│,╡L,1650000,23348,,0.0,0,,RPVNMLMKPHLFFCQ27EA
е┴╢п╢m,дgжa,л╪░ъмq1261~1290жa╕╣,98.96,жэ,,,1050624,дgжa6л╪кл0иожь0,,,ифеL,,,,0.0,0,0,0,ж│,╡L,1496750,15125,,0.0,0,,RPTNMLNKPHLFFCQ17EA
дЇдW╢m,й╨жa(дgжa+л╪кл),╣┼╕q┐ддЇдW╢mдЇ└Yз°ддйM╕Ї240л╤31~60╕╣,74.49,жэ,,,1050607,дgжa1л╪кл1иожь0,е■,дG╝h,│zд╤нэ,жэоaе╬,┐√╡м▓V╛одgе[▒j┐j│y,0730116,88.71,2,1,1,ж│,╡L,2650000,29873,,0.0,0,,RPSNMLMKPHLFFDQ96DA
│└пє╢m,дgжa,лс╝dмqлс╝dдpмq211~240жa╕╣,3250.0,,пSйw╣A╖~░╧,╣Aкке╬жa,1050707,дgжa1л╪кл0иожь0,,,ифеL,,,,0.0,0,0,0,ж│,╡L,4100000,1262,,0.0,0,,RPRNMLNKPHLFFDQ96DA
ж╡дlел,й╨жa(дgжa+л╪кл),╣┼╕q┐дж╡дlеллn│q╕ЇдTмq691~720╕╣,142.0,жэ,,,1050627,дgжa1л╪кл1иожь0,е■,дG╝h,│zд╤нэ,жэ░╙е╬,игифеL╡n░Oи╞╢╡,0480903,129.38,4,2,1,ж│,╡L,12000000,92750,,0.0,0,,RPPNMLTKPHLFFBQ17DA
дjкL┬э,дgжa,дЇ└Yмq1591~1620жa╕╣,2811.14,,пSйw╣A╖~░╧,╣Aкке╬жa,1050629,дgжa1л╪кл0иожь0,,,ифеL,,,,0.0,0,0,0,ж│,╡L,2800000,996,,0.0,0,┐╦д═бBн√дuй╬ифеLпSоэ├ЎлY╢бдзецйЎбC,RPTNMLMKPHLFFCQ86CA
е┴╢п╢m,иожь,╣┼╕q┐де┴╢п╢m┐│лnз°18╛F└Y╛Ї751~780╕╣,0.0,,,,1050617,дgжa0л╪кл0иожь1,,,ифеL,,,,25.31,0,0,0,ж│,╡L,220000,,йY╣Dенн▒,0.0,220000,,RPWNMLMKPHLFFCQ17CA
дjкL┬э,й╨жa(дgжa+л╪кл),╣┼╕q┐ддjкL┬эдTз°и╜┤Єдl1~30╕╣,37.5,,пSйw╣A╖~░╧,е╥║╪л╪┐vе╬жa,1050630,дgжa1л╪кл1иожь0,е■,дT╝h,│zд╤нэ,жэ░╙е╬,┐√╡м▓V╛одg│y,0851223,67.72,5,2,3,ж│,╡L,2000000,29533,,0.0,0,┐╦д═бBн√дuй╬ифеLпSоэ├ЎлY╢бдзецйЎбC,RPQNMLNKPHLFFCQ66CA
ддоH╢m,й╨жa(дgжa+л╪кл),╣┼╕q┐дддоH╢mддоHз°6╛FддоH20л╤61~90╕╣,86.92,жэ,,,1050621,дgжa1л╪кл1иожь0,е■,дG╝h,│zд╤нэ,жэ░╙е╬,┐√╡м▓V╛одgе[▒j┐j│y,0700225,110.53,4,1,2,ж│,╡L,2800000,25332,,0.0,0,,RPUNMLMKPHLFFDQ07CA
д╙лOел,й╨жa(дgжa+л╪кл),╣┼╕q┐дд╙лO╔]│┬╝dи╜дддs╕ЇдGмq151~180╕╣,86.12,жэ,,,1050616,дgжa3л╪кл1иожь0,е■,е|╝h,│zд╤нэ,жэ░╙е╬,┐√╡м▓V╛одg│y,0810821,203.34,4,2,3,ж│,╡L,8900000,43769,,0.0,0,,RPVNMLMKPHLFFDQ17CA
дЇдW╢m,дgжa,дj╘│з└мqдj╘│дpмq241~270жa╕╣,807.75,,пSйw╣A╖~░╧,╣Aкке╬жa,1050608,дgжa1л╪кл0иожь0,,,ифеL,,,,0.0,0,0,0,ж│,╡L,1400000,1733,,0.0,0,┐╦д═╢бж@ж│л∙д└дgжaдзецйЎбC,RPVNMLOKPHLFFDQ37CA
ддоH╢m,дgжa,к└дfмq151~180жa╕╣,5520.0,,дsйYжaлOи|░╧,╣Aкке╬жa,1050613,дgжa3л╪кл0иожь0,,,ифеL,,,,0.0,0,0,0,ж│,╡L,2100000,380,,0.0,0,,RPTNMLPKPHLFFDQ27CA
ддоH╢m,й╨жa(дgжa+л╪кл),╣┼╕q┐дддоH╢m╢й┐│з°┤ЄеJнэ1~30╕╣,127.89,,╢mз°░╧,дA║╪л╪┐vе╬жa,1050629,дgжa2л╪кл1иожь0,е■,дT╝h,│zд╤нэ,жэоaе╬,┐√╡м▓V╛одg│y,0840426,150.56,4,2,3,ж│,╡L,3000000,19926,,0.0,0,,RPTNMLTLPHLFFDQ77CA
дЇдW╢m,й╨жa(дgжa+л╪кл),╣┼╕q┐ддЇдW╢mдj▒[з°20╛Fдj▒[151~180╕╣,16265.0,,пSйw╣A╖~░╧,дB║╪л╪┐vе╬жa,1050622,дgжa7л╪кл7иожь0,д@╝h,д@╝h,╝t┐ь,дu╖~е╬,┐√│y,0811109,9559.17,0,0,0,╡L,╡L,240000000,25107,,0.0,0,,RPTNMLOJQHLFFDQ17CA
д╙лOел,й╨жa(дgжa+л╪кл),╣┼╕q┐дд╙лO╔]д╙лOи╜5╛Fд╙лO91~120╕╣,91.0,жэ,,,1050624,дgжa1л╪кл1иожь0,д@╝hбAдG╝hбAдT╝hбA├M╝╙,дT╝h,й▒н▒(й▒╛Q),жэ░╙е╬,┐√╡м▓V╛одg│y,0810407,161.64,3,2,3,ж│,╡L,2780000,17199,,0.0,0,,RPRNMLMLPHLFFDQ86CA
╕qж╦╢m,дgжa,░ёдl└Yмq361~390жa╕╣,43.75,,╢mз°░╧,дA║╪л╪┐vе╬жa,1050525,дgжa2л╪кл0иожь0,,,ифеL,,,,0.0,0,0,0,ж│,╡L,200000,4571,,0.0,0,┐╦д═бBн√дuй╬ифеLпSоэ├ЎлY╢бдзецйЎбC,RPXNMLSKPHLFFBQ77CA
е┴╢п╢m,дgжa,│╗╝dмq│╗╝dдpмq181~210жa╕╣,1288.0,,пSйw╣A╖~░╧,╣Aкке╬жa,1050525,дgжa1л╪кл0иожь0,,,ифеL,,,,0.0,0,0,0,ж│,╡L,3116960,2420,,0.0,0,,RPPNMLMKPHLFFCQ09CA
ем│U┬э,дgжa,ж╥╕╒╝цмq│└жwдpмq271~300жa╕╣,142.4,,д@пы╣A╖~░╧,╣Aкке╬жa,1050628,дgжa1л╪кл0иожь0,,,ифеL,,,,0.0,0,0,0,ж│,╡L,30000,211,,0.0,0,┐╦▒н╢бпSоэ├ЎлY╢бдзецйЎеBдgжa╝Wн╚╡|╡е╢Oе╬збе╤╢Rдшнt╛с,RPVNMLOKPHLFFBQ17CA
ем│U┬э,дgжa,дEж┐мq601~630жa╕╣,63.11,жэ,,,1050410,дgжa1л╪кл0иожь0,,,ифеL,,,,0.0,0,0,0,ж│,╡L,700000,11092,,0.0,0,зtе╝лOжsл╪кл,RPRNMLMKPHLFFBQ56CA
ж╡дlел,дgжa,╖s╔▄мq╖s╔▄дpмq61~90жa╕╣,2912.0,,пSйw╣A╖~░╧,╣Aкке╬жa,1050628,дgжa1л╪кл0иожь0,,,ифеL,,,,0.0,0,0,0,ж│,╡L,1892800,650,,0.0,0,,RPSNMLMKPHLFFBQ66CA
д╗╕}╢m,дgжa,ж╦дl╕}мq721~750жa╕╣,449.0,,╢mз°░╧,дA║╪л╪┐vе╬жa,1050622,дgжa1л╪кл0иожь0,,,ифеL,,,,0.0,0,0,0,ж│,╡L,2007048,4470,,0.0,0,│беўн▒┐nм∙7йW▓{д╜▓│╣D╕Ї│qжц,RPRNMLNKPHLFFBQ66CA
╕qж╦╢m,дgжa,д╗о█мq1081~1110жa╕╣,89.67,жэ,,,1050615,дgжa3л╪кл0иожь0,,,ифеL,,,,0.0,0,0,0,ж│,╡L,968436,10800,,0.0,0,,RPSNMLSKPHLFFBQ27CA
╕qж╦╢m,дgжa,д╗о█мq1081~1110жa╕╣,76.45,жэ,,,1050615,дgжa1л╪кл0иожь0,,,ифеL,,,,0.0,0,0,0,ж│,╡L,825660,10800,,0.0,0,,RPTNMLSKPHLFFBQ37CA
ем│U┬э,дgжa,о╢╝dмq391~420жa╕╣,2466.8,жэ,,,1050620,дgжa8л╪кл0иожь0,,,ифеL,,,,0.0,0,0,0,ж│,╡L,7462100,3025,,0.0,0,╖х▓лклеєдзецйЎбC,RPQNMLLJQHLFFBQ98CA
ддоH╢m,дgжa,╞W╝цдlмq361~390жa╕╣,3882.0,,дsйYжaлOи|░╧,╣Aкке╬жa,1050701,дgжa1л╪кл0иожь0,,,ифеL,,,,0.0,0,0,0,ж│,╡L,620000,160,,0.0,0,жь╕m░╛╗ўбA╡L╣яе~┴p╡╕╣D╕ЇбA─щдь┬Oе═бC,RPRNMLOKPHLFFDQ96CA
ддоH╢m,дgжa,╞W╝цдlмq181~210жa╕╣,5.0,,╢mз°░╧,дA║╪л╪┐vе╬жa,1050617,дgжa1л╪кл0иожь0,,,ифеL,,,,0.0,0,0,0,ж│,╡L,18350,3670,,0.0,0,,RPUNMLKLPHLFFDQ96CA
д╙лOел,й╨жa(дgжa+л╪кл),╣┼╕q┐ддЇдW╢m│┬╝dи╜дTжX╕Ї298л╤5з╦1~30╕╣,108.87,жэ,,,1050624,дgжa3л╪кл1иожь0,е■,дT╝h,│zд╤нэ,жэоaе╬,┐√╡м▓V╛одg│y,0940303,127.96,4,2,2,ж│,╡L,3900000,30478,,0.0,0,,RPQNMLLLPHLFFDQ66CA
е┴╢п╢m,й╨жa(дgжa+л╪кл),╣┼╕q┐де┴╢п╢mжшжwз°7╛F┤_┐│╕Ї151~180╕╣,83.0,жэ,,,1050618,дgжa1л╪кл1иожь0,е■,дT╝h,│zд╤нэ,жэоaе╬,┐√╡м▓V╛одg│y,0780331,163.25,6,0,4,ж│,╡L,7200000,44104,,0.0,0,,RPVNMLPKPHLFFCQ37CA
╖s┤ф╢m,дgжa,лсй│┤Ємq181~210жa╕╣,8.96,,пSйw╣A╖~░╧,╣Aкке╬жa,1050704,дgжa1л╪кл0иожь0,,,ифеL,,,,0.0,0,0,0,ж│,╡L,30000,3348,,0.0,0,╖ю╣sжaй╬ж│жXи╓и╧е╬дзецйЎбC,RPVNMLNKPHLFFCQ27DA
дjкL┬э,дgжa,кLдlлeмqдTйMдpмq301~330жa╕╣,1998.0,,пSйw╣A╖~░╧,╣Aкке╬жa,1050622,дgжa1л╪кл0иожь0,,,ифеL,,,,0.0,0,0,0,ж│,╡L,3000000,1502,,0.0,0,,RPVNMLOKPHLFFCQ37DA
е┴╢п╢m,й╨жa(дgжa+л╪кл),╣┼╕q┐де┴╢п╢mе_╢╒дl601~630╕╣,20.4,жэ,,,1050628,дgжa1л╪кл1иожь0,дC╝h,дC╝h,╡╪╖H(10╝hзtеHдUж│╣q▒ш),игифеL╡n░Oи╞╢╡,┐√╡м▓V╛одg│y,0830810,110.53,3,1,2,ж│,╡L,1800000,16285,,0.0,0,,RPPNMLKKQHLFFCQ09DA
│└пє╢m,дgжa,└tжЄдsмqнл╣║дpмq31~60жa╕╣,2948.0,,пSйw╣A╖~░╧,╣Aкке╬жa,1050630,дgжa1л╪кл0иожь0,,,ифеL,,,,0.0,0,0,0,ж│,╡L,2800600,950,,0.0,0,,RPSNMLNKPHLFFDQ07DA
д╙лOел,дgжa,лс╝цмqлс╝цдpмq241~270жa╕╣,3536.0,,пSйw╣A╖~░╧,╣Aкке╬жa,1050711,дgжa1л╪кл0иожь0,,,ифеL,,,,0.0,0,0,0,ж│,╡L,8309600,2350,,0.0,0,,RPPNMLOKPHLFFDQ86DA
д╙лOел,й╨жa(дgжa+л╪кл),╣┼╕q┐дд╙лO╔]╣L╖╛и╜дTжX╕Ї571~600╕╣,92.0,жэ,,,1050630,дgжa1л╪кл1иожь0,е■,дT╝h,│zд╤нэ,игифеL╡n░Oи╞╢╡,игифеL╡n░Oи╞╢╡,1041204,174.12,4,1,3,ж│,╡L,7050000,40489,,0.0,0,,RPQNMLOKPHLFFDQ96DA
дЇдW╢m,й╨жa(дgжa+л╪кл),╣┼╕q┐ддЇдW╢mдд╔▄з°3╛Fдд╔▄61~90╕╣,70.89,,╢mз°░╧,дA║╪л╪┐vе╬жa,1050504,дgжa1л╪кл1иожь0,е■,дG╝h,│zд╤нэ,жэоaе╬,┐√╡м▓V╛одgе[▒j┐j│y,0670315,92.3,2,1,2,ж│,╡L,1000000,10834,,0.0,0,,RPWNMLOKPHLFFDQ57DA
╡f╕Ї╢m,й╨жa(дgжa+л╪кл),╣┼╕q┐д╡f╕Ї╢mе┴йMз°1╛FйееJлс1~30╕╣,6676.0,,дsйYжaлOи|░╧,кL╖~е╬жa,1050606,дgжa1л╪кл1иожь0,д@╝hбAдG╝hбAжaдU╝h,дG╝h,╣Aк┘,╣Aк┘,дь│y,0841006,523.71,4,3,3,ж│,╡L,16000000,,,0.0,0,,RPPNMLQLPHLFFEQ17CA
╕qж╦╢m,дgжa,╢╟к┌мq121~150жa╕╣,89.0,жэ,,,1050629,дgжa1л╪кл0иожь0,,,ифеL,,,,0.0,0,0,0,ж│,╡L,566000,6360,,0.0,0,╝Wн╚╡|е╤╢Rдшнt╛с,RPUNMLMKPHLFFBQ96DA
ж╦▒T╢m,дgжa,╖╦д▀мq691~720жa╕╣,2605.24,,д@пы╣A╖~░╧,╣Aкке╬жa,1050303,дgжa1л╪кл0иожь0,,,ифеL,,,,0.0,0,0,0,ж│,╡L,1500000,576,,0.0,0,,RPPNMLPKPHLFFEQ96CA
ж╦▒T╢m,дgжa,╖╦д▀мq691~720жa╕╣,1809.57,,д@пы╣A╖~░╧,дЇзQе╬жa,1050303,дgжa1л╪кл0иожь0,,,ифеL,,,,0.0,0,0,0,ж│,╡L,1000000,553,,0.0,0,,RPQNMLPKPHLFFEQ07CA
╡f╕Ї╢m,дgжa,д║┬|мq541~570жa╕╣,456.0,╣A,,,1050530,дgжa1л╪кл0иожь0,,,ифеL,,,,0.0,0,0,0,ж│,╡L,2580000,5658,,0.0,0,,RPPNMLNKPHLFFEQ76CA
╖s┤ф╢m,дgжa,лсй│┤Ємq181~210жa╕╣,1970.0,,пSйw╣A╖~░╧,е╥║╪л╪┐vе╬жa,1050530,дgжa2л╪кл0иожь0,,,ифеL,,,,0.0,0,0,0,ж│,╡L,12513270,6352,,0.0,0,,RPQNMLOKPHLFFCQ96EA
╖s┤ф╢m,дgжa,лсй│┤Ємq181~210жa╕╣,1036.0,,пSйw╣A╖~░╧,е╥║╪л╪┐vе╬жa,1050530,дgжa2л╪кл0иожь0,,,ифеL,,,,0.0,0,0,0,ж│,╡L,6580900,6352,,0.0,0,,RPRNMLOKPHLFFCQ07EA
дjкL┬э,дgжa,▒╞дl╕Їмq▒╞дl╕Їдpмq61~90жa╕╣,1850.0,,пSйw╣A╖~░╧,╣Aкке╬жa,1050628,дgжa1л╪кл0иожь0,,,ифеL,,,,0.0,0,0,0,ж│,╡L,1800000,973,,0.0,0,┐╦д═бBн√дuй╬ифеLпSоэ├ЎлY╢бдзецйЎбC,RPXNMLOKPHLFFCQ67EA
е┴╢п╢m,дgжa,жшжwмq481~510жa╕╣,3.38,жэ,,,1050629,дgжa1л╪кл0иожь0,,,ифеL,,,,0.0,0,0,0,ж│,╡L,102937,30455,,0.0,0,еSз╠╢б╢R╜ц,RPTNMLPKPHLFFCQ37EA
ж╦▒T╢m,дgжa,╖рдl└Yмq541~570жa╕╣,5574.0,,дsйYжaлOи|░╧,кL╖~е╬жa,1050617,дgжa2л╪кл0иожь0,,,ифеL,,,,0.0,0,0,0,ж│,╡L,2000000,359,,0.0,0,,RPQNMLNKPHLFFEQ07EA
ж╦▒T╢m,дgжa,┬╨Рkкўмq181~210жa╕╣,1538.0,,д@пы╣A╖~░╧,╣Aкке╬жa,1050624,дgжa2л╪кл0иожь0,,,ифеL,,,,0.0,0,0,0,ж│,╡L,1500000,975,,0.0,0,,RPPNMLTKPHLFFEQ57EA
дЇдW╢m,дgжa,дTм╔оHмq181~210жa╕╣,60.0,,пSйw╣A╖~░╧,ец│qе╬жa,1050622,дgжa1л╪кл0иожь0,,,ифеL,,,,0.0,0,0,0,ж│,╡L,106200,1770,,0.0,0,жVмFй▓╛ў├Ўй╙┴╩дзо╫еєбC,RPRNMLKLPHLFFDQ76DA
│└пє╢m,дgжa,│└жшмq211~240жa╕╣,26.89,жэ,,,1050630,дgжa1л╪кл0иожь0,,,ифеL,,,,0.0,0,0,0,ж│,╡L,320000,11900,,0.0,0,,RPPNMLPKPHLFFDQ96DA
д╙лOел,дgжa,░ё│┬Оёмq271~300жa╕╣,1317.0,,пSйw╣A╖~░╧,╣Aкке╬жa,1050701,дgжa1л╪кл0иожь0,,,ифеL,,,,0.0,0,0,0,ж│,╡L,1100000,835,,0.0,0,,RPRNMLPKPHLFFDQ17DA
╖╦дf╢m,дgжa,▒[з└мqм№лnдpмq61~90жa╕╣,2672.0,,пSйw╣A╖~░╧,╣Aкке╬жa,1050628,дgжa1л╪кл0иожь0,,,ифеL,,,,0.0,0,0,0,ж│,╡L,3000000,1123,,0.0,0,,RPUNMLQLPHLFFCQ67EA
дjкL┬э,дgжa,жNкLмq241~270жa╕╣,47.0,жэ,,,1050703,дgжa1л╪кл0иожь0,,,ифеL,,,,0.0,0,0,0,ж│,╡L,1077400,22923,,0.0,0,,RPQNMLLLPHLFFCQ56CA
дjкL┬э,дgжa,╖sдjоHм№мq3151~3180жa╕╣,1980.2,,д@пы╣A╖~░╧,╣Aкке╬жa,1050627,дgжa1л╪кл0иожь0,,,ифеL,,,,0.0,0,0,0,ж│,╡L,1280000,646,,0.0,0,,RPPOMLLLPHLFFCQ56CA
дjкL┬э,й╨жa(дgжa+л╪кл),╣┼╕q┐ддjкL┬эенкLи╜лH╕q╡є72л╤1~30╕╣,53.75,жэ,,,1050611,дgжa2л╪кл1иожь0,дн╝h,дн╝h,д╜┤J(5╝╙зtеHдU╡L╣q▒ш),░ъе┴жэжv,┐√╡м▓V╛одg│y,0851115,108.47,3,1,2,ж│,╡L,1800000,16594,,0.0,0,,RPOOMLOKPHLFFCQ66CA
╖╦дf╢m,дgжa,мhдl╖╛мq361~390жa╕╣,31.0,,╢mз°░╧,дA║╪л╪┐vе╬жa,1050701,дgжa1л╪кл0иожь0,,,ифеL,,,,0.0,0,0,0,ж│,╡L,93775,3025,,0.0,0,,RPPNMLPKPHLFFCQ76CA
╖s┤ф╢m,й╨жa(дgжa+л╪кл),╣┼╕q┐д╖s┤ф╢mжш╔▄з°1╛Fжш╔▄91~120╕╣,104.4,,╢mз°░╧,дA║╪л╪┐vе╬жa,1050626,дgжa2л╪кл1иожь0,е■,дT╝h,│zд╤нэ,жэоaе╬,игифеL╡n░Oи╞╢╡,0840529,152.22,4,2,3,ж│,╡L,2500000,16424,,0.0,0,,RPSNMLPKPHLFFCQ07CA
е┴╢п╢m,дgжa,кF┤Ємq1291~1320жa╕╣,3214.47,,пSйw╣A╖~░╧,╣Aкке╬жa,1050705,дgжa3л╪кл0иожь0,,,ифеL,,,,0.0,0,0,0,ж│,╡L,15800000,4915,,0.0,0,,RPOOMLNJQHLFFCQ56CA
е┴╢п╢m,дgжa,┐│лnмq31~60жa╕╣,344.42,жэ,,,1050624,дgжa4л╪кл0иожь0,,,ифеL,,,,0.0,0,0,0,ж│,╡L,2800000,8130,,0.0,0,,RPRNMLNJQHLFFCQ76CA
ддоH╢m,дgжa,эBеJкLмq1051~1080жa╕╣,1009.69,,дsйYжaлOи|░╧,╣Aкке╬жa,1050627,дgжa1л╪кл0иожь0,,,ифеL,,,,0.0,0,0,0,ж│,╡L,1400000,1387,,0.0,0,,RPSNMLOKPHLFFDQ07CA
дЇдW╢m,дgжa,╖s╡fдl╝dмq91~120жa╕╣,2829.78,,д@пы╣A╖~░╧,╣Aкке╬жa,1050613,дgжa1л╪кл0иожь0,,,ифеL,,,,0.0,0,0,0,ж│,╡L,3200000,1131,,0.0,0,,RPQNMLPKPHLFFDQ96CA
дЇдW╢m,дgжa,дTм╔оHмq451~480жa╕╣,1339.0,,пSйw╣A╖~░╧,╣Aкке╬жa,1050701,дgжa1л╪кл0иожь0,,,ифеL,,,,0.0,0,0,0,ж│,╡L,4860570,3630,,0.0,0,,RPPPMLSKPHLFFDQ37CA
дЇдW╢m,й╨жa(дgжa+л╪кл),╣┼╕q┐ддЇдW╢mдЇ└Yз°дд╡╪╕Ї91~120╕╣,118.0,жэ,,,1050701,дgжa2л╪кл1иожь0,е■,дT╝h,│zд╤нэ,жэоaе╬,┐√╡м▓V╛одg│y,1041126,226.54,4,3,4,ж│,╡L,6920000,30546,,0.0,0,,RPSNMLTJQHLFFDQ57CA
дЇдW╢m,дgжa,дQд@л№нэмqж`жшдpмq721~750жa╕╣,11.0,,╢mз°░╧,дA║╪л╪┐vе╬жa,1050706,дgжa1л╪кл0иожь0,,,ифеL,,,,0.0,0,0,0,ж│,╡L,95000,8636,,0.0,0,ж│жXи╓и╧е╬дзецйЎбC,RPPNMLLMPHLFFDQ66CA
ддоH╢m,дgжa,╞W╝цдlмq91~120жa╕╣,3791.0,,дsйYжaлOи|░╧,╣Aкке╬жa,1050531,дgжa1л╪кл0иожь0,,,ифеL,,,,0.0,0,0,0,ж│,╡L,900000,237,,0.0,0,,RPVNMLNJQHLFFDQ27CA
ж╡дlел,дgжa,╝wжwмq61~90жa╕╣,27.0,жэ,,,1050701,дgжa1л╪кл0иожь0,,,ифеL,,,,0.0,0,0,0,ж│,╡L,555390,20570,,0.0,0,,RPTNMLTLPHLFFBQ57CA
д╗╕}╢m,дgжa,лс▒Yдsмq▒Yдsдpмq541~570жa╕╣,6731.0,,пSйw╣A╖~░╧,╣Aкке╬жa,1050705,дgжa3л╪кл0иожь0,,,ифеL,,,,0.0,0,0,0,ж│,╡L,5050000,750,,0.0,0,,RPQNMLOLPHLFFBQ76CA
ж╡дlел,дgжa,д√мD╞WмqкQ╡╪дpмq451~480жa╕╣,3085.0,,пSйw╣A╖~░╧,╣Aкке╬жa,1050624,дgжa1л╪кл0иожь0,,,ифеL,,,,0.0,0,0,0,ж│,╡L,4500000,1459,,0.0,0,,RPRNMLNJQHLFFBQ66CA
╕qж╦╢m,й╨жa(дgжa+л╪кл),╣┼╕q┐д╕qж╦╢m╢╟к┌451~480╕╣,86.0,жэ,,,1050624,дgжa1л╪кл1иожь0,е■,дG╝h,│zд╤нэ,жэоaе╬,┐√╡м▓V╛одgе[▒j┐j│y,0750108,114.47,5,1,2,ж│,╡L,2580000,22539,,0.0,0,,RPWNMLSKPHLFFBQ67CA
ж╡дlел,й╨жa(дgжa+л╪кл),╣┼╕q┐дж╡дlелдхй·╕Ї121~150╕╣,87.4,жэ,,,1050629,дgжa1л╪кл1иожь0,е■,дT╝h,│zд╤нэ,игифеL╡n░Oи╞╢╡,┐√╡м▓V╛одg│y,1040413,180.39,4,3,4,ж│,╡L,9080000,50335,,0.0,0,,RPRNMLSKPHLFFBQ17CA
ем│U┬э,дgжa,╣┼╢ємq541~570жa╕╣,158.94,,╢mз°░╧,дA║╪л╪┐vе╬жa,1050622,дgжa2л╪кл0иожь0,,,ифеL,,,,0.0,0,0,0,ж│,╡L,480874,3026,,0.0,0,е■│бдgжa╝Wн╚╡|збе╤╢Rдшнt╛с,RPPNMLPKPHLFFBQ66CA
д╗╕}╢m,й╨жa(дgжa+л╪кл),╣┼╕q┐дд╗╕}╢m╗[└Y61~90╕╣,111.33,жэ,,,1050705,дgжa1л╪кл1иожь0,е■,дT╝h,│zд╤нэ,жэоaе╬,┐√╡м▓V╛одg│y,0891003,185.43,3,2,3,ж│,╡L,5000000,26964,,0.0,0,,RPPNMLSKPHLFFBQ96CA
ж╡дlел,дgжa,д║нэмq301~330жa╕╣,3.21,жэ,,,1050704,дgжa1л╪кл0иожь0,,,ифеL,,,,0.0,0,0,0,ж│,╡L,72789,22676,,0.0,0,┐╦д═бBн√дuй╬ифеLпSоэ├ЎлY╢бдзецйЎбC,RPQNMLLLPHLFFBQ09CA
ж╡дlел,дgжa,д║нэмq301~330жa╕╣,3.21,жэ,,,1050704,дgжa1л╪кл0иожь0,,,ифеL,,,,0.0,0,0,0,ж│,╡L,72789,22676,,0.0,0,┐╦д═бBн√дuй╬ифеLпSоэ├ЎлY╢бдзецйЎбC,RPRNMLLLPHLFFBQ56CA
ж╡дlел,дgжa,д║нэмq301~330жa╕╣,3.21,жэ,,,1050704,дgжa1л╪кл0иожь0,,,ифеL,,,,0.0,0,0,0,ж│,╡L,72789,22676,,0.0,0,┐╦д═бBн√дuй╬ифеLпSоэ├ЎлY╢бдзецйЎбC,RPTNMLLLPHLFFBQ76CA
ж╡дlел,дgжa,д║нэмq91~120жa╕╣,55.66,╣A,,,1050604,дgжa1л╪кл0иожь0,,,ифеL,,,,0.0,0,0,0,ж│,╡L,842000,15128,,0.0,0,,RPSNMLNJQHLFFBQ76CA
ж╡дlел,дgжa,д║нэмq91~120жa╕╣,89.26,╣A,,,1050604,дgжa1л╪кл0иожь0,,,ифеL,,,,0.0,0,0,0,ж│,╡L,1350500,15130,,0.0,0,,RPTNMLNJQHLFFBQ86CA
ж╡дlел,дgжa,д║нэмq91~120жa╕╣,89.27,╣A,,,1050604,дgжa1л╪кл0иожь0,,,ифеL,,,,0.0,0,0,0,ж│,╡L,1350500,15128,,0.0,0,,RPUNMLNJQHLFFBQ96CA
ж╡дlел,дgжa,д║нэмq91~120жa╕╣,89.27,╣A,,,1050604,дgжa1л╪кл0иожь0,,,ифеL,,,,0.0,0,0,0,ж│,╡L,1350500,15128,,0.0,0,,RPVNMLNJQHLFFBQ07CA
ж╡дlел,дgжa,д║нэмq91~120жa╕╣,89.27,╣A,,,1050604,дgжa1л╪кл0иожь0,,,ифеL,,,,0.0,0,0,0,ж│,╡L,1350500,15128,,0.0,0,,RPWNMLNJQHLFFBQ17CA
ж╡дlел,дgжa,д║нэмq91~120жa╕╣,89.27,╣A,,,1050604,дgжa1л╪кл0иожь0,,,ифеL,,,,0.0,0,0,0,ж│,╡L,1350500,15128,,0.0,0,,RPXNMLNJQHLFFBQ27CA
ж╡дlел,й╨жa(дgжa+л╪кл),╣┼╕q┐дж╡дlелдпйMд@╕Ї1~30╕╣,248.87,жэ,,,1050603,дgжa12л╪кл2иожь0,е■,дT╝h,│zд╤нэ,игифеL╡n░Oи╞╢╡,┐√╡м▓V╛одg│y,1040720,295.25,5,2,5,ж│,ж│,16500000,55885,,0.0,0,,RPQNMLTKPHLFFBQ17CA
д╗╕}╢m,дgжa,дTйm╝dмqдTйmдpмq1~30жa╕╣,1460.0,,пSйw╣A╖~░╧,╣Aкке╬жa,1050627,дgжa1л╪кл0иожь0,,,ифеL,,,,0.0,0,0,0,ж│,╡L,1500000,1027,,0.0,0,,RPSNMLQLPHLFFBQ17CA
д╙лOел,й╨жa(дgжa+л╪кл),╣┼╕q┐дд╙лO╔]дддs╕Їд@мq228л╤19з╦31~60╕╣,22.43,жэ,,,1050621,дgжa1л╪кл1иожь0,е|╝h,дE╝h,╡╪╖H(10╝hзtеHдUж│╣q▒ш),игифеL╡n░Oи╞╢╡,┐√╡м▓V╛одg│y,0821006,110.26,3,2,2,ж│,╡L,1420000,12879,,0.0,0,,RPUNMLTJQHLFFDQ77CA
ддоH╢m,й╨жa(дgжa+л╪кл),╣┼╕q┐дддоH╢m┤Iжмз°16╛F┐│д╞?1~30╕╣,163.74,,пSйw╣A╖~░╧,е╥║╪л╪┐vе╬жa,1050701,дgжa1л╪кл1иожь0,е■,д@╝h,│zд╤нэ,жэоaе╬,┐√╡м▓V╛одgе[▒j┐j│y,0701224,69.3,2,2,1,ж│,╡L,2200000,31746,,0.0,0,,RPPNMLPKQHLFFDQ96CA
д╙лOел,дgжa,╖s░ёмq╖s░ёдpмq2521~2550жa╕╣,4137.0,,пSйw╣A╖~░╧,╣Aкке╬жa,1050705,дgжa1л╪кл0иожь0,,,ифеL,,,,0.0,0,0,0,ж│,╡L,8780000,2122,,0.0,0,,RPOOMLQLPHLFFDQ07CA
ддоH╢m,дgжa,▓`з|мq211~240жa╕╣,387.0,,дsйYжaлOи|░╧,╣Aкке╬жa,1050628,дgжa1л╪кл0иожь0,,,ифеL,,,,0.0,0,0,0,ж│,╡L,66000,171,,0.0,0,жь╕m░╛╗ўбA╡L╣яе~┴p╡╕╣D╕ЇбA─щдь┬Oе═бC,RPPNMLQKPHLFFDQ96CA
дjкL┬э,й╨жa(дgжa+л╪кл),╣┼╕q┐ддjкL┬эжNкLи╜9╛FенйM╡є15л╤1~30╕╣,51.0,жэ,,,1050622,дgжa1л╪кл1иожь0,е■,дG╝h,│zд╤нэ,жэоaе╬,┐√╡м▓V╛одgе[▒j┐j│y,0650429,61.1,2,2,2,ж│,╡L,1250000,20458,,0.0,0,,RPQNMLNLPHLFFCQ76CA
е┴╢п╢m,й╨жa(дgжa+л╪кл),╣┼╕q┐де┴╢п╢m┐│лnз°└Y╛Ї571~600╕╣,105.28,жэ,,,1050527,дgжa1л╪кл1иожь0,е■,е|╝h,│zд╤нэ,жэоaе╬,┐√╡м▓V╛одg│y,0831003,210.11,4,2,3,ж│,╡L,1276556,6076,,0.0,0,е╗╢R╜цо╫еєлY─▌дG┐╦╡е╢бпSоэецйЎбAифецйЎ╗∙оцеiпр▓зйєел│їе┐▒`ецйЎ╗∙оцбC,RPPNMLSKPHLFFCQ07CA
дЇдW╢m,й╨жa(дgжa+л╪кл),╣┼╕q┐ддЇдW╢m╝eдhз°22═Q▒Tдl└Y1~30╕╣,77.39,,╢mз°░╧,дA║╪л╪┐vе╬жa,1050518,дgжa1л╪кл1иожь0,е■,дT╝h,│zд╤нэ,жэоaе╬,┐√╡м▓V╛одgе[▒j┐j│y,0690126,123.96,4,2,4,ж│,╡L,3600000,29042,,0.0,0,,RPPOMLRLPHLFFDQ37DA
дЇдW╢m,й╨жa(дgжa+л╪кл),╣┼╕q┐ддЇдW╢m└s╝wз°1~30╕╣,82.0,,╢mз°░╧,дA║╪л╪┐vе╬жa,1050524,дgжa1л╪кл1иожь0,е■,дT╝h,│zд╤нэ,жэоaе╬,┐√╡м▓V╛одg│y,0870317,157.42,5,3,2,ж│,╡L,3800000,24139,,0.0,0,,RPROMLRLPHLFFDQ47CA
▒Ўдs╢m,дgжa,└s▓┤кLмq241~270жa╕╣,1030.0,,дsйYжaлOи|░╧,кL╖~е╬жa,1050705,дgжa1л╪кл0иожь0,,,ифеL,,,,0.0,0,0,0,ж│,╡L,88000,85,,0.0,0,,RPPNMLKLPHLFFEQ56CA
д╗╕}╢m,дgжa,╞Wлnмq391~420жa╕╣,131.64,,╢mз°░╧,дA║╪л╪┐vе╬жa,1050707,дgжa2л╪кл0иожь0,,,ифеL,,,,0.0,0,0,0,ж│,╡L,725340,5510,,0.0,0,,RPRNMLTKPHLFFBQ37DA
д╗╕}╢m,дgжa,╞Wлnмq391~420жa╕╣,260.15,,╢mз°░╧,дA║╪л╪┐vе╬жa,1050707,дgжa2л╪кл0иожь0,,,ифеL,,,,0.0,0,0,0,ж│,╡L,1433460,5510,,0.0,0,,RPSNMLTKPHLFFBQ47DA
ддоH╢m,й╨жa(дgжa+л╪кл),╣┼╕q┐дддоH╢mйM┐│з°31╛Fдде┐╖sз°121~150╕╣,97.29,жэ,,,1050621,дgжa1л╪кл1иожь0,е■,дG╝h,│zд╤нэ,жэоaе╬,┐√╡м▓V╛одgе[▒j┐j│y,0690318,131.56,2,1,2,ж│,╡L,3200000,24324,,0.0,0,,RPOOMLPLPHLFFDQ07DA
д╙лOел,й╨жa(дgжa+л╪кл),╣┼╕q┐дд╙лO╔]е_┤ф╕ЇдGмq429л╤200з╦31~60╕╣,104.94,жэ,,,1050516,дgжa2л╪кл1иожь0,е■,дT╝h,│zд╤нэ,игифеL╡n░Oи╞╢╡,┐√╡м▓V╛одg│y,1041016,167.25,4,2,3,ж│,╡L,5700000,34081,,0.0,0,,RPSNMLSKPHLFFDQ57DA
д╙лOел,й╨жa(дgжa+л╪кл),╣┼╕q┐дд╙лO╔]е_┤ф╕ЇдGмq429л╤200з╦1~30╕╣,104.94,жэ,,,1050629,дgжa2л╪кл1иожь0,е■,дT╝h,│zд╤нэ,игифеL╡n░Oи╞╢╡,┐√╡м▓V╛одg│y,1041016,167.25,4,2,3,ж│,╡L,5700000,34081,,0.0,0,,RPUNMLSKPHLFFDQ77DA
▒Ўдs╢m,дgжa,▒Ўлnмq1111~1140жa╕╣,234.0,╣A,,,1050621,дgжa1л╪кл0иожь0,,,ифеL,,,,0.0,0,0,0,ж│,╡L,1060000,4530,,0.0,0,е╗еєе]зtжaдWз@клнp╗∙бC,RPPNMLLLPHLFFEQ86EA
дjкL┬э,й╨жa(дgжa+л╪кл),╣┼╕q┐ддjкL┬эенкLи╜дд┐│╕Ї271~300╕╣,122.0,жэ,,,1050604,дgжa1л╪кл1иожь0,е■,дT╝h,│zд╤нэ,жэ░╙е╬,┐√╡м▓V╛одg│y,0831028,254.65,7,1,4,ж│,╡L,6500000,25525,,0.0,0,,RPQNMLTKPHLFFCQ27CA
е┴╢п╢m,й╨жa(дgжa+л╪кл),╣┼╕q┐де┴╢п╢mиqкLз°кLдlз└1~30╕╣,126.48,,╢mз°░╧,дA║╪л╪┐vе╬жa,1050626,дgжa4л╪кл1иожь0,е■,е|╝h,│zд╤нэ,жэоaе╬,┐√╡м▓V╛одg│y,0820901,167.21,4,2,4,ж│,╡L,3300000,19736,,0.0,0,,RPSNMLTJQHLFFCQ47CA
е┴╢п╢m,й╨жa(дgжa+л╪кл),╣┼╕q┐де┴╢п╢m┐│ддз°╕q╛Ї121~150╕╣,82.14,жэ,,,1050627,дgжa1л╪кл1иожь0,е■,д@╝h,│zд╤нэ,жэоaе╬,игифеL╡n░Oи╞╢╡,0690815,61.84,2,2,1,ж│,╡L,1000000,16171,,0.0,0,,RPXNMLQLPHLFFCQ77CA
е┴╢п╢m,й╨жa(дgжa+л╪кл)+иожь,╣┼╕q┐де┴╢п╢mе_дцз°17╛F╖sе┐дн╡є61~90╕╣,45.92,,╢mз°░╧,дA║╪л╪┐vе╬жa,1050617,дgжa1л╪кл1иожь1,е|╝h,дн╝h,д╜┤J(5╝╙зtеHдU╡L╣q▒ш),игифеL╡n░Oи╞╢╡,┐√╡м▓V╛одg│y,0910725,100.16,3,2,2,ж│,ж│,2300000,22963,ифеL,0.0,0,ж│╣q▒ш,RPSNMLTLPHLFFCQ57CA
е┴╢п╢m,й╨жa(дgжa+л╪кл),╣┼╕q┐де┴╢п╢m┐│лnз°└Y╛Ї691~720╕╣,30.4,жэ,,,1050702,дgжa2л╪кл1иожь0,дн╝h,дн╝h,д╜┤J(5╝╙зtеHдU╡L╣q▒ш),жэоaе╬,┐√╡м▓V╛одg│y,0811130,96.88,3,2,2,ж│,╡L,1380000,14244,,0.0,0,,RPPNMLLMPHLFFCQ56CA
дjкL┬э,дgжa,╖╛нIмq╖╛нIдpмq61~90жa╕╣,44.62,,,,1050706,дgжa1л╪кл0иожь0,,,ифеL,,,,0.0,0,0,0,ж│,╡L,49088,1100,,0.0,0,,RPRNMLLJQHLFFCQ56CA
е┴╢п╢m,дgжa,дsддмq211~240жa╕╣,158.0,,д@пы╣A╖~░╧,╣Aкке╬жa,1050706,дgжa1л╪кл0иожь0,,,ифеL,,,,0.0,0,0,0,ж│,╡L,380000,2405,,0.0,0,┐╦д═бBн√дuй╬ифеLпSоэ├ЎлY╢бдзецйЎбC,RPUNMLLJQHLFFCQ86CA
е┴╢п╢m,й╨жa(дgжa+л╪кл)+иожь,╣┼╕q┐де┴╢п╢mе_дцз°╖sе┐дн╡є91~120╕╣,44.61,,╢mз°░╧,дA║╪л╪┐vе╬жa,1050624,дgжa1л╪кл1иожь0,дG╝h,дн╝h,╡╪╖H(10╝hзtеHдUж│╣q▒ш),игифеL╡n░Oи╞╢╡,┐√╡м▓V╛одg│y,0910725,146.5,3,2,2,ж│,ж│,2580000,17611,йY╣Dенн▒,0.0,0,,RPOOMLLJQHLFFCQ98CA
ддоH╢m,й╨жa(дgжa+л╪кл),╣┼╕q┐дддоH╢mйM┐│з°дд╡╪╕Ї585л╤1~30╕╣,48.8,жэ,,,1050620,дgжa1л╪кл1иожь0,е|╝h,дн╝h,д╜┤J(5╝╙зtеHдU╡L╣q▒ш),игифеL╡n░Oи╞╢╡,┐√╡м▓V╛одg│y,0851011,145.64,3,1,2,ж│,ж│,2200000,15106,,0.0,0,,RPPOMLSKPHLFFDQ27CA
│└пє╢m,дgжa,└tжЄдsмqж╦дsдpмq241~270жa╕╣,2456.0,,пSйw╣A╖~░╧,╣Aкке╬жa,1050605,дgжa1л╪кл0иожь0,,,ифеL,,,,0.0,0,0,0,ж│,╡L,2000000,814,,0.0,0,,RPRNMLLLPHLFFDQ76CA
дЇдW╢m,й╨жa(дgжa+л╪кл),╣┼╕q┐ддЇдW╢mдЇдWз°дЇ╝w╕Ї151~180╕╣,115.09,жэ,,,1050715,дgжa1л╪кл1иожь0,е■,дT╝h,│zд╤нэ,игифеL╡n░Oи╞╢╡,┐√╡м▓V╛одg│y,1050219,197.3,4,2,3,ж│,╡L,7930000,40193,,0.0,0,,RPOOMLRLPHLFFDQ17CA
│└пє╢m,дgжa,│└пємq│└кFдpмq61~90жa╕╣,3516.0,,пSйw╣A╖~░╧,╣Aкке╬жa,1050705,дgжa1л╪кл0иожь0,,,ифеL,,,,0.0,0,0,0,ж│,╡L,7000000,1991,,0.0,0,,RPRNMLTLPHLFFDQ57CA
│└пє╢m,дgжa,лс╔▄дlмqлс╔▄дpмq361~390жa╕╣,2761.0,,пSйw╣A╖~░╧,╣Aкке╬жa,1050707,дgжa1л╪кл0иожь0,,,ифеL,,,,0.0,0,0,0,ж│,╡L,3313200,1200,,0.0,0,,RPPNMLTKPHLFFDQ27CA
ж╡дlел,дgжa,╖s╝dмq961~990жa╕╣,1353.58,╣A,,,1050704,дgжa1л╪кл0иожь0,,,ифеL,,,,0.0,0,0,0,ж│,╡L,3000000,2216,,0.0,0,,RPPNMLQLPHLFFBQ86CA
